{"strategy":{"raindow":{"trades":[{"pair":"ADA/USDT:USDT","stake_amount":327.746,"max_stake_amount":327.746,"amount":740.0,"open_date":"2024-06-07 18:30:00+00:00","close_date":"2024-06-07 19:30:00+00:00","open_rate":0.4429,"close_rate":0.4493,"fee_open":0.0005,"fee_close":0.0005,"trade_duration":60,"profit_ratio":0.013436271252497481,"profit_abs":4.405886,"exit_reason":"roi","initial_stop_loss_abs":0.3544,"initial_stop_loss_ratio":-0.2,"stop_loss_abs":0.3544,"stop_loss_ratio":-0.2,"min_rate":0.442,"max_rate":0.4516,"is_open":false,"enter_tag":"long","leverage":1.0,"is_short":false,"open_timestamp":1717785000000,"close_timestamp":1717788600000,"orders":[{"amount":740.0,"safe_price":0.4429,"ft_order_side":"buy","order_filled_timestamp":1717785000000,"ft_is_entry":true,"ft_order_tag":"long","cost":327.909873},{"amount":740.0,"safe_price":0.4493,"ft_order_side":"sell","order_filled_timestamp":1717788600000,"ft_is_entry":false,"ft_order_tag":"roi","cost":332.6482409999999}]},{"pair":"TRX/USDT:USDT","stake_amount":328.9566,"max_stake_amount":328.9566,"amount":2940.0,"open_date":"2024-06-07 18:30:00+00:00","close_date":"2024-06-08 07:30:00+00:00","open_rate":0.11189,"close_rate":0.11312140570285141,"fee_open":0.0005,"fee_close":0.0005,"trade_duration":780,"profit_ratio":0.009995002498750625,"profit_abs":3.289566,"exit_reason":"roi","initial_stop_loss_abs":0.08952,"initial_stop_loss_ratio":-0.2,"stop_loss_abs":0.08952,"stop_loss_ratio":-0.2,"min_rate":0.11182,"max_rate":0.11318,"is_open":false,"enter_tag":"long","leverage":1.0,"is_short":false,"open_timestamp":1717785000000,"close_timestamp":1717831800000,"orders":[{"amount":2940.0,"safe_price":0.11189,"ft_order_side":"buy","order_filled_timestamp":1717785000000,"ft_is_entry":true,"ft_order_tag":"long","cost":329.1210783},{"amount":2940.0,"safe_price":0.11312140570285141,"ft_order_side":"sell","order_filled_timestamp":1717831800000,"ft_is_entry":false,"ft_order_tag":"roi","cost":332.7432212327663}]},{"pair":"TRX/USDT:USDT","stake_amount":332.4093,"max_stake_amount":332.4093,"amount":2910.0,"open_date":"2024-06-18 02:00:00+00:00","close_date":"2024-06-18 14:00:00+00:00","open_rate":0.11423,"close_rate":0.11548715857928964,"fee_open":0.0005,"fee_close":0.0005,"trade_duration":720,"profit_ratio":0.009995002498750623,"profit_abs":3.324093,"exit_reason":"roi","initial_stop_loss_abs":0.09139,"initial_stop_loss_ratio":-0.2,"stop_loss_abs":0.09139,"stop_loss_ratio":-0.2,"min_rate":0.11379,"max_rate":0.11598,"is_open":false,"enter_tag":"long","leverage":1.0,"is_short":false,"open_timestamp":1718676000000,"close_timestamp":1718719200000,"orders":[{"amount":2910.0,"safe_price":0.11423,"ft_order_side":"buy","order_filled_timestamp":1718676000000,"ft_is_entry":true,"ft_order_tag":"long","cost":332.57550464999997},{"amount":2910.0,"safe_price":0.11548715857928964,"ft_order_side":"sell","order_filled_timestamp":1718719200000,"ft_is_entry":false,"ft_order_tag":"roi","cost":336.2356652814657}]},{"pair":"TON/USDT:USDT","stake_amount":333.45,"max_stake_amount":333.45,"amount":54.0,"open_date":"2024-08-24 21:00:00+00:00","close_date":"2024-09-03 14:00:00+00:00","open_rate":6.175,"close_rate":4.94,"fee_open":0.0005,"fee_close":0.0005,"trade_duration":13980,"profit_ratio":-0.20079960019990006,"profit_abs":-66.990105,"exit_reason":"stop_loss","initial_stop_loss_abs":4.94,"initial_stop_loss_ratio":-0.2,"stop_loss_abs":4.94,"stop_loss_ratio":-0.2,"min_rate":4.929,"max_rate":6.217,"is_open":false,"enter_tag":"long","leverage":1.0,"is_short":false,"open_timestamp":1724533200000,"close_timestamp":1725372000000,"orders":[{"amount":54.0,"safe_price":6.175,"ft_order_side":"buy","order_filled_timestamp":1724533200000,"ft_is_entry":true,"ft_order_tag":"long","cost":333.616725},{"amount":54.0,"safe_price":4.94,"ft_order_side":"sell","order_filled_timestamp":1725372000000,"ft_is_entry":false,"ft_order_tag":"stop_loss","cost":266.89338000000004}]},{"pair":"ADA/USDT:USDT","stake_amount":311.079,"max_stake_amount":311.079,"amount":970.0,"open_date":"2024-10-25 23:30:00+00:00","close_date":"2024-10-26 00:30:00+00:00","open_rate":0.3207,"close_rate":0.3249,"fee_open":0.0005,"fee_close":0.0005,"trade_duration":60,"profit_ratio":0.012083761673887097,"profit_abs":3.760884,"exit_reason":"roi","initial_stop_loss_abs":0.2566,"initial_stop_loss_ratio":-0.2,"stop_loss_abs":0.2566,"stop_loss_ratio":-0.2,"min_rate":0.3195,"max_rate":0.3274,"is_open":false,"enter_tag":"long","leverage":1.0,"is_short":false,"open_timestamp":1729899000000,"close_timestamp":1729902600000,"orders":[{"amount":970.0,"safe_price":0.3207,"ft_order_side":"buy","order_filled_timestamp":1729899000000,"ft_is_entry":true,"ft_order_tag":"long","cost":311.2345395},{"amount":970.0,"safe_price":0.3249,"ft_order_side":"sell","order_filled_timestamp":1729902600000,"ft_is_entry":false,"ft_order_tag":"roi","cost":315.3105765}]},{"pair":"BTC/USDT:USDT","stake_amount":308.30184,"max_stake_amount":308.30184,"amount":0.0033,"open_date":"2024-12-05 22:30:00+00:00","close_date":"2024-12-05 23:00:00+00:00","open_rate":93424.8,"close_rate":96500.3,"fee_open":0.0005,"fee_close":0.0005,"trade_duration":30,"profit_ratio":0.03188712127348815,"profit_abs":9.83577359,"exit_reason":"roi","initial_stop_loss_abs":74739.9,"initial_stop_loss_ratio":-0.2,"stop_loss_abs":74739.9,"stop_loss_ratio":-0.2,"min_rate":93050.2,"max_rate":97448.4,"is_open":false,"enter_tag":"long","leverage":1.0,"is_short":false,"open_timestamp":1733437800000,"close_timestamp":1733439600000,"orders":[{"amount":0.0033,"safe_price":93424.8,"ft_order_side":"buy","order_filled_timestamp":1733437800000,"ft_is_entry":true,"ft_order_tag":"long","cost":308.45599092000003},{"amount":0.0033,"safe_price":96500.3,"ft_order_side":"sell","order_filled_timestamp":1733439600000,"ft_is_entry":false,"ft_order_tag":"roi","cost":318.610215495}]}],"locks":[],"best_pair":{"key":"BTC/USDT:USDT","trades":1,"profit_mean":0.03188712127348815,"profit_mean_pct":3.19,"profit_sum":0.03188712127348815,"profit_sum_pct":3.19,"profit_total_abs":9.83577359,"profit_total":0.009835773590000001,"profit_total_pct":0.98,"duration_avg":"0:30:00","wins":1,"draws":0,"losses":0,"winrate":1.0,"cagr":0.009470731885579564,"expectancy":9.83577359,"expectancy_ratio":100.0,"sortino":-100,"sharpe":-100,"calmar":-100,"sqn":-100.0,"profit_factor":0.0,"max_drawdown_account":0.0,"max_drawdown_abs":0.0},"worst_pair":{"key":"TON/USDT:USDT","trades":1,"profit_mean":-0.20079960019990006,"profit_mean_pct":-20.08,"profit_sum":-0.20079960019990006,"profit_sum_pct":-20.08,"profit_total_abs":-66.990105,"profit_total":-0.066990105,"profit_total_pct":-6.7,"duration_avg":"9 days, 17:00:00","wins":0,"draws":0,"losses":1,"winrate":0.0,"cagr":-0.06459727459283493,"expectancy":-66.990105,"expectancy_ratio":-1.0,"sortino":-100,"sharpe":-100,"calmar":-5.040890019668287,"sqn":-100.0,"profit_factor":0.0,"max_drawdown_account":0.06699010499999997,"max_drawdown_abs":66.990105},"results_per_pair":[{"key":"BTC/USDT:USDT","trades":1,"profit_mean":0.03188712127348815,"profit_mean_pct":3.19,"profit_sum":0.03188712127348815,"profit_sum_pct":3.19,"profit_total_abs":9.83577359,"profit_total":0.009835773590000001,"profit_total_pct":0.98,"duration_avg":"0:30:00","wins":1,"draws":0,"losses":0,"winrate":1.0,"cagr":0.009470731885579564,"expectancy":9.83577359,"expectancy_ratio":100.0,"sortino":-100,"sharpe":-100,"calmar":-100,"sqn":-100.0,"profit_factor":0.0,"max_drawdown_account":0.0,"max_drawdown_abs":0.0},{"key":"ADA/USDT:USDT","trades":2,"profit_mean":0.012760016463192289,"profit_mean_pct":1.28,"profit_sum":0.025520032926384578,"profit_sum_pct":2.55,"profit_total_abs":8.16677,"profit_total":0.00816677,"profit_total_pct":0.82,"duration_avg":"1:00:00","wins":2,"draws":0,"losses":0,"winrate":1.0,"cagr":0.007863912102905823,"expectancy":4.083385,"expectancy_ratio":100.0,"sortino":-100,"sharpe":1.2765166429228558,"calmar":-100,"sqn":12.6616,"profit_factor":0.0,"max_drawdown_account":0.0,"max_drawdown_abs":0.0},{"key":"TRX/USDT:USDT","trades":2,"profit_mean":0.009995002498750623,"profit_mean_pct":1.0,"profit_sum":0.019990004997501247,"profit_sum_pct":2.0,"profit_total_abs":6.613659,"profit_total":0.006613659,"profit_total_pct":0.66,"duration_avg":"12:30:00","wins":2,"draws":0,"losses":0,"winrate":1.0,"cagr":0.006368578716681839,"expectancy":3.3068295,"expectancy_ratio":100.0,"sortino":-100,"sharpe":19.311685142983656,"calmar":-100,"sqn":191.5504,"profit_factor":0.0,"max_drawdown_account":0.0,"max_drawdown_abs":0.0},{"key":"ETH/USDT:USDT","trades":0,"profit_mean":0.0,"profit_mean_pct":0.0,"profit_sum":0.0,"profit_sum_pct":0.0,"profit_total_abs":0.0,"profit_total":0.0,"profit_total_pct":0.0,"duration_avg":"0:00","wins":0,"draws":0,"losses":0,"winrate":0.0,"cagr":0.0,"expectancy":0.0,"expectancy_ratio":100.0,"sortino":0,"sharpe":0,"calmar":0,"sqn":0.0,"profit_factor":0.0,"max_drawdown_account":0.0,"max_drawdown_abs":0.0},{"key":"BNB/USDT:USDT","trades":0,"profit_mean":0.0,"profit_mean_pct":0.0,"profit_sum":0.0,"profit_sum_pct":0.0,"profit_total_abs":0.0,"profit_total":0.0,"profit_total_pct":0.0,"duration_avg":"0:00","wins":0,"draws":0,"losses":0,"winrate":0.0,"cagr":0.0,"expectancy":0.0,"expectancy_ratio":100.0,"sortino":0,"sharpe":0,"calmar":0,"sqn":0.0,"profit_factor":0.0,"max_drawdown_account":0.0,"max_drawdown_abs":0.0},{"key":"SOL/USDT:USDT","trades":0,"profit_mean":0.0,"profit_mean_pct":0.0,"profit_sum":0.0,"profit_sum_pct":0.0,"profit_total_abs":0.0,"profit_total":0.0,"profit_total_pct":0.0,"duration_avg":"0:00","wins":0,"draws":0,"losses":0,"winrate":0.0,"cagr":0.0,"expectancy":0.0,"expectancy_ratio":100.0,"sortino":0,"sharpe":0,"calmar":0,"sqn":0.0,"profit_factor":0.0,"max_drawdown_account":0.0,"max_drawdown_abs":0.0},{"key":"XRP/USDT:USDT","trades":0,"profit_mean":0.0,"profit_mean_pct":0.0,"profit_sum":0.0,"profit_sum_pct":0.0,"profit_total_abs":0.0,"profit_total":0.0,"profit_total_pct":0.0,"duration_avg":"0:00","wins":0,"draws":0,"losses":0,"winrate":0.0,"cagr":0.0,"expectancy":0.0,"expectancy_ratio":100.0,"sortino":0,"sharpe":0,"calmar":0,"sqn":0.0,"profit_factor":0.0,"max_drawdown_account":0.0,"max_drawdown_abs":0.0},{"key":"DOGE/USDT:USDT","trades":0,"profit_mean":0.0,"profit_mean_pct":0.0,"profit_sum":0.0,"profit_sum_pct":0.0,"profit_total_abs":0.0,"profit_total":0.0,"profit_total_pct":0.0,"duration_avg":"0:00","wins":0,"draws":0,"losses":0,"winrate":0.0,"cagr":0.0,"expectancy":0.0,"expectancy_ratio":100.0,"sortino":0,"sharpe":0,"calmar":0,"sqn":0.0,"profit_factor":0.0,"max_drawdown_account":0.0,"max_drawdown_abs":0.0},{"key":"TON/USDT:USDT","trades":1,"profit_mean":-0.20079960019990006,"profit_mean_pct":-20.08,"profit_sum":-0.20079960019990006,"profit_sum_pct":-20.08,"profit_total_abs":-66.990105,"profit_total":-0.066990105,"profit_total_pct":-6.7,"duration_avg":"9 days, 17:00:00","wins":0,"draws":0,"losses":1,"winrate":0.0,"cagr":-0.06459727459283493,"expectancy":-66.990105,"expectancy_ratio":-1.0,"sortino":-100,"sharpe":-100,"calmar":-5.040890019668287,"sqn":-100.0,"profit_factor":0.0,"max_drawdown_account":0.06699010499999997,"max_drawdown_abs":66.990105},{"key":"TOTAL","trades":6,"profit_mean":-0.02056707350042102,"profit_mean_pct":-2.06,"profit_sum":-0.1234024410025261,"profit_sum_pct":-12.34,"profit_total_abs":-42.37390241,"profit_total":-0.04237390241,"profit_total_pct":-4.24,"duration_avg":"1 day, 19:25:00","wins":5,"draws":0,"losses":1,"winrate":0.8333333333333334,"cagr":-0.040841055788024994,"expectancy":-7.062317068333332,"expectancy_ratio":-0.1054232870411731,"sortino":-100,"sharpe":-0.07941584241987718,"calmar":-3.223699688288172,"sqn":-0.5871,"profit_factor":0.3674602777529607,"max_drawdown_account":0.06625995049383539,"max_drawdown_abs":66.990105}],"results_per_enter_tag":[{"key":"long","trades":6,"profit_mean":-0.02056707350042102,"profit_mean_pct":-2.06,"profit_sum":-0.1234024410025261,"profit_sum_pct":-12.34,"profit_total_abs":-42.37390241,"profit_total":-0.04237390241,"profit_total_pct":-4.24,"duration_avg":"1 day, 19:25:00","wins":5,"draws":0,"losses":1,"winrate":0.8333333333333334,"cagr":-0.040841055788024994,"expectancy":-7.062317068333332,"expectancy_ratio":-0.1054232870411731,"sortino":-100,"sharpe":-0.07941584241987718,"calmar":-3.223699688288172,"sqn":-0.5871,"profit_factor":0.3674602777529607,"max_drawdown_account":0.06625995049383539,"max_drawdown_abs":66.990105},{"key":"TOTAL","trades":6,"profit_mean":-0.02056707350042102,"profit_mean_pct":-2.06,"profit_sum":-0.1234024410025261,"profit_sum_pct":-12.34,"profit_total_abs":-42.37390241,"profit_total":-0.04237390241,"profit_total_pct":-4.24,"duration_avg":"1 day, 19:25:00","wins":5,"draws":0,"losses":1,"winrate":0.8333333333333334,"cagr":-0.040841055788024994,"expectancy":-7.062317068333332,"expectancy_ratio":-0.1054232870411731,"sortino":-100,"sharpe":-0.07941584241987718,"calmar":-3.223699688288172,"sqn":-0.5871,"profit_factor":0.3674602777529607,"max_drawdown_account":0.06625995049383539,"max_drawdown_abs":66.990105}],"exit_reason_summary":[{"key":"roi","trades":5,"profit_mean":0.015479431839474797,"profit_mean_pct":1.55,"profit_sum":0.07739715919737399,"profit_sum_pct":7.74,"profit_total_abs":24.61620259,"profit_total":0.02461620259,"profit_total_pct":2.46,"duration_avg":"5:30:00","wins":5,"draws":0,"losses":0,"winrate":1.0,"cagr":0.02369620912133552,"expectancy":4.923240518,"expectancy_ratio":100.0,"sortino":-100,"sharpe":0.49852560820707836,"calmar":-100,"sqn":3.9559,"profit_factor":0.0,"max_drawdown_account":0.0,"max_drawdown_abs":0.0},{"key":"stop_loss","trades":1,"profit_mean":-0.20079960019990006,"profit_mean_pct":-20.08,"profit_sum":-0.20079960019990006,"profit_sum_pct":-20.08,"profit_total_abs":-66.990105,"profit_total":-0.066990105,"profit_total_pct":-6.7,"duration_avg":"9 days, 17:00:00","wins":0,"draws":0,"losses":1,"winrate":0.0,"cagr":-0.06459727459283493,"expectancy":-66.990105,"expectancy_ratio":-1.0,"sortino":-100,"sharpe":-100,"calmar":-5.040890019668287,"sqn":-100.0,"profit_factor":0.0,"max_drawdown_account":0.06699010499999997,"max_drawdown_abs":66.990105},{"key":"TOTAL","trades":6,"profit_mean":-0.02056707350042102,"profit_mean_pct":-2.06,"profit_sum":-0.1234024410025261,"profit_sum_pct":-12.34,"profit_total_abs":-42.37390241,"profit_total":-0.04237390241,"profit_total_pct":-4.24,"duration_avg":"1 day, 19:25:00","wins":5,"draws":0,"losses":1,"winrate":0.8333333333333334,"cagr":-0.040841055788024994,"expectancy":-7.062317068333332,"expectancy_ratio":-0.1054232870411731,"sortino":-100,"sharpe":-0.07941584241987718,"calmar":-3.223699688288172,"sqn":-0.5871,"profit_factor":0.3674602777529607,"max_drawdown_account":0.06625995049383539,"max_drawdown_abs":66.990105}],"mix_tag_stats":[{"key":["long","roi"],"trades":5,"profit_mean":0.015479431839474797,"profit_mean_pct":1.55,"profit_sum":0.07739715919737399,"profit_sum_pct":7.74,"profit_total_abs":24.61620259,"profit_total":0.02461620259,"profit_total_pct":2.46,"duration_avg":"5:30:00","wins":5,"draws":0,"losses":0,"winrate":1.0,"cagr":0.02369620912133552,"expectancy":4.923240518,"expectancy_ratio":100.0,"sortino":-100,"sharpe":0.49852560820707836,"calmar":-100,"sqn":3.9559,"profit_factor":0.0,"max_drawdown_account":0.0,"max_drawdown_abs":0.0},{"key":["long","stop_loss"],"trades":1,"profit_mean":-0.20079960019990006,"profit_mean_pct":-20.08,"profit_sum":-0.20079960019990006,"profit_sum_pct":-20.08,"profit_total_abs":-66.990105,"profit_total":-0.066990105,"profit_total_pct":-6.7,"duration_avg":"9 days, 17:00:00","wins":0,"draws":0,"losses":1,"winrate":0.0,"cagr":-0.06459727459283493,"expectancy":-66.990105,"expectancy_ratio":-1.0,"sortino":-100,"sharpe":-100,"calmar":-5.040890019668287,"sqn":-100.0,"profit_factor":0.0,"max_drawdown_account":0.06699010499999997,"max_drawdown_abs":66.990105},{"key":"TOTAL","trades":6,"profit_mean":-0.02056707350042102,"profit_mean_pct":-2.06,"profit_sum":-0.1234024410025261,"profit_sum_pct":-12.34,"profit_total_abs":-42.37390241,"profit_total":-0.04237390241,"profit_total_pct":-4.24,"duration_avg":"1 day, 19:25:00","wins":5,"draws":0,"losses":1,"winrate":0.8333333333333334,"cagr":-0.040841055788024994,"expectancy":-7.062317068333332,"expectancy_ratio":-0.1054232870411731,"sortino":-100,"sharpe":-0.07941584241987718,"calmar":-3.223699688288172,"sqn":-0.5871,"profit_factor":0.3674602777529607,"max_drawdown_account":0.06625995049383539,"max_drawdown_abs":66.990105}],"left_open_trades":[{"key":"TOTAL","trades":0,"profit_mean":0.0,"profit_mean_pct":0.0,"profit_sum":0.0,"profit_sum_pct":0.0,"profit_total_abs":0.0,"profit_total":0.0,"profit_total_pct":0.0,"duration_avg":"0:00","wins":0,"draws":0,"losses":0,"winrate":0.0,"cagr":0.0,"expectancy":0.0,"expectancy_ratio":100.0,"sortino":0,"sharpe":0,"calmar":0,"sqn":0.0,"profit_factor":0.0,"max_drawdown_account":0.0,"max_drawdown_abs":0.0}],"total_trades":6,"trade_count_long":6,"trade_count_short":0,"total_volume":3845.355010879232,"avg_stake_amount":323.65712333333335,"profit_mean":-0.02056707350042102,"profit_median":0.011039382086318862,"profit_total":-0.04237390241,"profit_total_long":-0.04237390241,"profit_total_short":0.0,"profit_total_abs":-42.37390241,"profit_total_long_abs":-42.37390241,"profit_total_short_abs":0.0,"cagr":-0.040841055788024994,"expectancy":-7.062317068333332,"expectancy_ratio":-0.1054232870411731,"sortino":-100,"sharpe":-0.07941584241987718,"calmar":-3.223699688288172,"sqn":-0.5871,"profit_factor":0.3674602777529607,"backtest_start":"2024-04-03 00:00:00","backtest_start_ts":1712102400000,"backtest_end":"2025-04-17 09:00:00","backtest_end_ts":1744880400000,"backtest_days":379,"backtest_run_start_ts":1744909478,"backtest_run_end_ts":1744909479,"trades_per_day":0.02,"market_change":0.28986022252763477,"pairlist":["BTC/USDT:USDT","ETH/USDT:USDT","BNB/USDT:USDT","SOL/USDT:USDT","XRP/USDT:USDT","DOGE/USDT:USDT","TON/USDT:USDT","TRX/USDT:USDT","ADA/USDT:USDT"],"stake_amount":"unlimited","stake_currency":"USDT","stake_currency_decimals":3,"starting_balance":1000,"dry_run_wallet":1000,"final_balance":957.62609759,"rejected_signals":0,"timedout_entry_orders":0,"timedout_exit_orders":0,"canceled_trade_entries":0,"canceled_entry_orders":0,"replaced_entry_orders":0,"max_open_trades":3,"max_open_trades_setting":3,"timeframe":"30m","timeframe_detail":"","timerange":"20240403-","enable_protections":false,"strategy_name":"raindow","stoploss":-0.2,"trailing_stop":false,"trailing_stop_positive":null,"trailing_stop_positive_offset":0.0,"trailing_only_offset_is_reached":false,"use_custom_stoploss":false,"minimal_roi":{"60":0.01,"30":0.02,"0":0.04},"use_exit_signal":true,"exit_profit_only":false,"exit_profit_offset":0.0,"ignore_roi_if_entry_signal":false,"trading_mode":"futures","margin_mode":"isolated","periodic_breakdown":{"day":[{"date":"07/06/2024","date_ts":1717718400000,"profit_abs":4.405886,"wins":1,"draws":0,"losses":0,"trades":1,"profit_factor":0.0},{"date":"08/06/2024","date_ts":1717804800000,"profit_abs":3.289566,"wins":1,"draws":0,"losses":0,"trades":1,"profit_factor":0.0},{"date":"09/06/2024","date_ts":1717891200000,"profit_abs":0.0,"wins":0,"draws":0,"losses":0,"trades":0,"profit_factor":0.0},{"date":"10/06/2024","date_ts":1717977600000,"profit_abs":0.0,"wins":0,"draws":0,"losses":0,"trades":0,"profit_factor":0.0},{"date":"11/06/2024","date_ts":1718064000000,"profit_abs":0.0,"wins":0,"draws":0,"losses":0,"trades":0,"profit_factor":0.0},{"date":"12/06/2024","date_ts":1718150400000,"profit_abs":0.0,"wins":0,"draws":0,"losses":0,"trades":0,"profit_factor":0.0},{"date":"13/06/2024","date_ts":1718236800000,"profit_abs":0.0,"wins":0,"draws":0,"losses":0,"trades":0,"profit_factor":0.0},{"date":"14/06/2024","date_ts":1718323200000,"profit_abs":0.0,"wins":0,"draws":0,"losses":0,"trades":0,"profit_factor":0.0},{"date":"15/06/2024","date_ts":1718409600000,"profit_abs":0.0,"wins":0,"draws":0,"losses":0,"trades":0,"profit_factor":0.0},{"date":"16/06/2024","date_ts":1718496000000,"profit_abs":0.0,"wins":0,"draws":0,"losses":0,"trades":0,"profit_factor":0.0},{"date":"17/06/2024","date_ts":1718582400000,"profit_abs":0.0,"wins":0,"draws":0,"losses":0,"trades":0,"profit_factor":0.0},{"date":"18/06/2024","date_ts":1718668800000,"profit_abs":3.324093,"wins":1,"draws":0,"losses":0,"trades":1,"profit_factor":0.0},{"date":"19/06/2024","date_ts":1718755200000,"profit_abs":0.0,"wins":0,"draws":0,"losses":0,"trades":0,"profit_factor":0.0},{"date":"20/06/2024","date_ts":1718841600000,"profit_abs":0.0,"wins":0,"draws":0,"losses":0,"trades":0,"profit_factor":0.0},{"date":"21/06/2024","date_ts":1718928000000,"profit_abs":0.0,"wins":0,"draws":0,"losses":0,"trades":0,"profit_factor":0.0},{"date":"22/06/2024","date_ts":1719014400000,"profit_abs":0.0,"wins":0,"draws":0,"losses":0,"trades":0,"profit_factor":0.0},{"date":"23/06/2024","date_ts":1719100800000,"profit_abs":0.0,"wins":0,"draws":0,"losses":0,"trades":0,"profit_factor":0.0},{"date":"24/06/2024","date_ts":1719187200000,"profit_abs":0.0,"wins":0,"draws":0,"losses":0,"trades":0,"profit_factor":0.0},{"date":"25/06/2024","date_ts":1719273600000,"profit_abs":0.0,"wins":0,"draws":0,"losses":0,"trades":0,"profit_factor":0.0},{"date":"26/06/2024","date_ts":1719360000000,"profit_abs":0.0,"wins":0,"draws":0,"losses":0,"trades":0,"profit_factor":0.0},{"date":"27/06/2024","date_ts":1719446400000,"profit_abs":0.0,"wins":0,"draws":0,"losses":0,"trades":0,"profit_factor":0.0},{"date":"28/06/2024","date_ts":1719532800000,"profit_abs":0.0,"wins":0,"draws":0,"losses":0,"trades":0,"profit_factor":0.0},{"date":"29/06/2024","date_ts":1719619200000,"profit_abs":0.0,"wins":0,"draws":0,"losses":0,"trades":0,"profit_factor":0.0},{"date":"30/06/2024","date_ts":1719705600000,"profit_abs":0.0,"wins":0,"draws":0,"losses":0,"trades":0,"profit_factor":0.0},{"date":"01/07/2024","date_ts":1719792000000,"profit_abs":0.0,"wins":0,"draws":0,"losses":0,"trades":0,"profit_factor":0.0},{"date":"02/07/2024","date_ts":1719878400000,"profit_abs":0.0,"wins":0,"draws":0,"losses":0,"trades":0,"profit_factor":0.0},{"date":"03/07/2024","date_ts":1719964800000,"profit_abs":0.0,"wins":0,"draws":0,"losses":0,"trades":0,"profit_factor":0.0},{"date":"04/07/2024","date_ts":1720051200000,"profit_abs":0.0,"wins":0,"draws":0,"losses":0,"trades":0,"profit_factor":0.0},{"date":"05/07/2024","date_ts":1720137600000,"profit_abs":0.0,"wins":0,"draws":0,"losses":0,"trades":0,"profit_factor":0.0},{"date":"06/07/2024","date_ts":1720224000000,"profit_abs":0.0,"wins":0,"draws":0,"losses":0,"trades":0,"profit_factor":0.0},{"date":"07/07/2024","date_ts":1720310400000,"profit_abs":0.0,"wins":0,"draws":0,"losses":0,"trades":0,"profit_factor":0.0},{"date":"08/07/2024","date_ts":1720396800000,"profit_abs":0.0,"wins":0,"draws":0,"losses":0,"trades":0,"profit_factor":0.0},{"date":"09/07/2024","date_ts":1720483200000,"profit_abs":0.0,"wins":0,"draws":0,"losses":0,"trades":0,"profit_factor":0.0},{"date":"10/07/2024","date_ts":1720569600000,"profit_abs":0.0,"wins":0,"draws":0,"losses":0,"trades":0,"profit_factor":0.0},{"date":"11/07/2024","date_ts":1720656000000,"profit_abs":0.0,"wins":0,"draws":0,"losses":0,"trades":0,"profit_factor":0.0},{"date":"12/07/2024","date_ts":1720742400000,"profit_abs":0.0,"wins":0,"draws":0,"losses":0,"trades":0,"profit_factor":0.0},{"date":"13/07/2024","date_ts":1720828800000,"profit_abs":0.0,"wins":0,"draws":0,"losses":0,"trades":0,"profit_factor":0.0},{"date":"14/07/2024","date_ts":1720915200000,"profit_abs":0.0,"wins":0,"draws":0,"losses":0,"trades":0,"profit_factor":0.0},{"date":"15/07/2024","date_ts":1721001600000,"profit_abs":0.0,"wins":0,"draws":0,"losses":0,"trades":0,"profit_factor":0.0},{"date":"16/07/2024","date_ts":1721088000000,"profit_abs":0.0,"wins":0,"draws":0,"losses":0,"trades":0,"profit_factor":0.0},{"date":"17/07/2024","date_ts":1721174400000,"profit_abs":0.0,"wins":0,"draws":0,"losses":0,"trades":0,"profit_factor":0.0},{"date":"18/07/2024","date_ts":1721260800000,"profit_abs":0.0,"wins":0,"draws":0,"losses":0,"trades":0,"profit_factor":0.0},{"date":"19/07/2024","date_ts":1721347200000,"profit_abs":0.0,"wins":0,"draws":0,"losses":0,"trades":0,"profit_factor":0.0},{"date":"20/07/2024","date_ts":1721433600000,"profit_abs":0.0,"wins":0,"draws":0,"losses":0,"trades":0,"profit_factor":0.0},{"date":"21/07/2024","date_ts":1721520000000,"profit_abs":0.0,"wins":0,"draws":0,"losses":0,"trades":0,"profit_factor":0.0},{"date":"22/07/2024","date_ts":1721606400000,"profit_abs":0.0,"wins":0,"draws":0,"losses":0,"trades":0,"profit_factor":0.0},{"date":"23/07/2024","date_ts":1721692800000,"profit_abs":0.0,"wins":0,"draws":0,"losses":0,"trades":0,"profit_factor":0.0},{"date":"24/07/2024","date_ts":1721779200000,"profit_abs":0.0,"wins":0,"draws":0,"losses":0,"trades":0,"profit_factor":0.0},{"date":"25/07/2024","date_ts":1721865600000,"profit_abs":0.0,"wins":0,"draws":0,"losses":0,"trades":0,"profit_factor":0.0},{"date":"26/07/2024","date_ts":1721952000000,"profit_abs":0.0,"wins":0,"draws":0,"losses":0,"trades":0,"profit_factor":0.0},{"date":"27/07/2024","date_ts":1722038400000,"profit_abs":0.0,"wins":0,"draws":0,"losses":0,"trades":0,"profit_factor":0.0},{"date":"28/07/2024","date_ts":1722124800000,"profit_abs":0.0,"wins":0,"draws":0,"losses":0,"trades":0,"profit_factor":0.0},{"date":"29/07/2024","date_ts":1722211200000,"profit_abs":0.0,"wins":0,"draws":0,"losses":0,"trades":0,"profit_factor":0.0},{"date":"30/07/2024","date_ts":1722297600000,"profit_abs":0.0,"wins":0,"draws":0,"losses":0,"trades":0,"profit_factor":0.0},{"date":"31/07/2024","date_ts":1722384000000,"profit_abs":0.0,"wins":0,"draws":0,"losses":0,"trades":0,"profit_factor":0.0},{"date":"01/08/2024","date_ts":1722470400000,"profit_abs":0.0,"wins":0,"draws":0,"losses":0,"trades":0,"profit_factor":0.0},{"date":"02/08/2024","date_ts":1722556800000,"profit_abs":0.0,"wins":0,"draws":0,"losses":0,"trades":0,"profit_factor":0.0},{"date":"03/08/2024","date_ts":1722643200000,"profit_abs":0.0,"wins":0,"draws":0,"losses":0,"trades":0,"profit_factor":0.0},{"date":"04/08/2024","date_ts":1722729600000,"profit_abs":0.0,"wins":0,"draws":0,"losses":0,"trades":0,"profit_factor":0.0},{"date":"05/08/2024","date_ts":1722816000000,"profit_abs":0.0,"wins":0,"draws":0,"losses":0,"trades":0,"profit_factor":0.0},{"date":"06/08/2024","date_ts":1722902400000,"profit_abs":0.0,"wins":0,"draws":0,"losses":0,"trades":0,"profit_factor":0.0},{"date":"07/08/2024","date_ts":1722988800000,"profit_abs":0.0,"wins":0,"draws":0,"losses":0,"trades":0,"profit_factor":0.0},{"date":"08/08/2024","date_ts":1723075200000,"profit_abs":0.0,"wins":0,"draws":0,"losses":0,"trades":0,"profit_factor":0.0},{"date":"09/08/2024","date_ts":1723161600000,"profit_abs":0.0,"wins":0,"draws":0,"losses":0,"trades":0,"profit_factor":0.0},{"date":"10/08/2024","date_ts":1723248000000,"profit_abs":0.0,"wins":0,"draws":0,"losses":0,"trades":0,"profit_factor":0.0},{"date":"11/08/2024","date_ts":1723334400000,"profit_abs":0.0,"wins":0,"draws":0,"losses":0,"trades":0,"profit_factor":0.0},{"date":"12/08/2024","date_ts":1723420800000,"profit_abs":0.0,"wins":0,"draws":0,"losses":0,"trades":0,"profit_factor":0.0},{"date":"13/08/2024","date_ts":1723507200000,"profit_abs":0.0,"wins":0,"draws":0,"losses":0,"trades":0,"profit_factor":0.0},{"date":"14/08/2024","date_ts":1723593600000,"profit_abs":0.0,"wins":0,"draws":0,"losses":0,"trades":0,"profit_factor":0.0},{"date":"15/08/2024","date_ts":1723680000000,"profit_abs":0.0,"wins":0,"draws":0,"losses":0,"trades":0,"profit_factor":0.0},{"date":"16/08/2024","date_ts":1723766400000,"profit_abs":0.0,"wins":0,"draws":0,"losses":0,"trades":0,"profit_factor":0.0},{"date":"17/08/2024","date_ts":1723852800000,"profit_abs":0.0,"wins":0,"draws":0,"losses":0,"trades":0,"profit_factor":0.0},{"date":"18/08/2024","date_ts":1723939200000,"profit_abs":0.0,"wins":0,"draws":0,"losses":0,"trades":0,"profit_factor":0.0},{"date":"19/08/2024","date_ts":1724025600000,"profit_abs":0.0,"wins":0,"draws":0,"losses":0,"trades":0,"profit_factor":0.0},{"date":"20/08/2024","date_ts":1724112000000,"profit_abs":0.0,"wins":0,"draws":0,"losses":0,"trades":0,"profit_factor":0.0},{"date":"21/08/2024","date_ts":1724198400000,"profit_abs":0.0,"wins":0,"draws":0,"losses":0,"trades":0,"profit_factor":0.0},{"date":"22/08/2024","date_ts":1724284800000,"profit_abs":0.0,"wins":0,"draws":0,"losses":0,"trades":0,"profit_factor":0.0},{"date":"23/08/2024","date_ts":1724371200000,"profit_abs":0.0,"wins":0,"draws":0,"losses":0,"trades":0,"profit_factor":0.0},{"date":"24/08/2024","date_ts":1724457600000,"profit_abs":0.0,"wins":0,"draws":0,"losses":0,"trades":0,"profit_factor":0.0},{"date":"25/08/2024","date_ts":1724544000000,"profit_abs":0.0,"wins":0,"draws":0,"losses":0,"trades":0,"profit_factor":0.0},{"date":"26/08/2024","date_ts":1724630400000,"profit_abs":0.0,"wins":0,"draws":0,"losses":0,"trades":0,"profit_factor":0.0},{"date":"27/08/2024","date_ts":1724716800000,"profit_abs":0.0,"wins":0,"draws":0,"losses":0,"trades":0,"profit_factor":0.0},{"date":"28/08/2024","date_ts":1724803200000,"profit_abs":0.0,"wins":0,"draws":0,"losses":0,"trades":0,"profit_factor":0.0},{"date":"29/08/2024","date_ts":1724889600000,"profit_abs":0.0,"wins":0,"draws":0,"losses":0,"trades":0,"profit_factor":0.0},{"date":"30/08/2024","date_ts":1724976000000,"profit_abs":0.0,"wins":0,"draws":0,"losses":0,"trades":0,"profit_factor":0.0},{"date":"31/08/2024","date_ts":1725062400000,"profit_abs":0.0,"wins":0,"draws":0,"losses":0,"trades":0,"profit_factor":0.0},{"date":"01/09/2024","date_ts":1725148800000,"profit_abs":0.0,"wins":0,"draws":0,"losses":0,"trades":0,"profit_factor":0.0},{"date":"02/09/2024","date_ts":1725235200000,"profit_abs":0.0,"wins":0,"draws":0,"losses":0,"trades":0,"profit_factor":0.0},{"date":"03/09/2024","date_ts":1725321600000,"profit_abs":-66.990105,"wins":0,"draws":0,"losses":1,"trades":1,"profit_factor":0.0},{"date":"04/09/2024","date_ts":1725408000000,"profit_abs":0.0,"wins":0,"draws":0,"losses":0,"trades":0,"profit_factor":0.0},{"date":"05/09/2024","date_ts":1725494400000,"profit_abs":0.0,"wins":0,"draws":0,"losses":0,"trades":0,"profit_factor":0.0},{"date":"06/09/2024","date_ts":1725580800000,"profit_abs":0.0,"wins":0,"draws":0,"losses":0,"trades":0,"profit_factor":0.0},{"date":"07/09/2024","date_ts":1725667200000,"profit_abs":0.0,"wins":0,"draws":0,"losses":0,"trades":0,"profit_factor":0.0},{"date":"08/09/2024","date_ts":1725753600000,"profit_abs":0.0,"wins":0,"draws":0,"losses":0,"trades":0,"profit_factor":0.0},{"date":"09/09/2024","date_ts":1725840000000,"profit_abs":0.0,"wins":0,"draws":0,"losses":0,"trades":0,"profit_factor":0.0},{"date":"10/09/2024","date_ts":1725926400000,"profit_abs":0.0,"wins":0,"draws":0,"losses":0,"trades":0,"profit_factor":0.0},{"date":"11/09/2024","date_ts":1726012800000,"profit_abs":0.0,"wins":0,"draws":0,"losses":0,"trades":0,"profit_factor":0.0},{"date":"12/09/2024","date_ts":1726099200000,"profit_abs":0.0,"wins":0,"draws":0,"losses":0,"trades":0,"profit_factor":0.0},{"date":"13/09/2024","date_ts":1726185600000,"profit_abs":0.0,"wins":0,"draws":0,"losses":0,"trades":0,"profit_factor":0.0},{"date":"14/09/2024","date_ts":1726272000000,"profit_abs":0.0,"wins":0,"draws":0,"losses":0,"trades":0,"profit_factor":0.0},{"date":"15/09/2024","date_ts":1726358400000,"profit_abs":0.0,"wins":0,"draws":0,"losses":0,"trades":0,"profit_factor":0.0},{"date":"16/09/2024","date_ts":1726444800000,"profit_abs":0.0,"wins":0,"draws":0,"losses":0,"trades":0,"profit_factor":0.0},{"date":"17/09/2024","date_ts":1726531200000,"profit_abs":0.0,"wins":0,"draws":0,"losses":0,"trades":0,"profit_factor":0.0},{"date":"18/09/2024","date_ts":1726617600000,"profit_abs":0.0,"wins":0,"draws":0,"losses":0,"trades":0,"profit_factor":0.0},{"date":"19/09/2024","date_ts":1726704000000,"profit_abs":0.0,"wins":0,"draws":0,"losses":0,"trades":0,"profit_factor":0.0},{"date":"20/09/2024","date_ts":1726790400000,"profit_abs":0.0,"wins":0,"draws":0,"losses":0,"trades":0,"profit_factor":0.0},{"date":"21/09/2024","date_ts":1726876800000,"profit_abs":0.0,"wins":0,"draws":0,"losses":0,"trades":0,"profit_factor":0.0},{"date":"22/09/2024","date_ts":1726963200000,"profit_abs":0.0,"wins":0,"draws":0,"losses":0,"trades":0,"profit_factor":0.0},{"date":"23/09/2024","date_ts":1727049600000,"profit_abs":0.0,"wins":0,"draws":0,"losses":0,"trades":0,"profit_factor":0.0},{"date":"24/09/2024","date_ts":1727136000000,"profit_abs":0.0,"wins":0,"draws":0,"losses":0,"trades":0,"profit_factor":0.0},{"date":"25/09/2024","date_ts":1727222400000,"profit_abs":0.0,"wins":0,"draws":0,"losses":0,"trades":0,"profit_factor":0.0},{"date":"26/09/2024","date_ts":1727308800000,"profit_abs":0.0,"wins":0,"draws":0,"losses":0,"trades":0,"profit_factor":0.0},{"date":"27/09/2024","date_ts":1727395200000,"profit_abs":0.0,"wins":0,"draws":0,"losses":0,"trades":0,"profit_factor":0.0},{"date":"28/09/2024","date_ts":1727481600000,"profit_abs":0.0,"wins":0,"draws":0,"losses":0,"trades":0,"profit_factor":0.0},{"date":"29/09/2024","date_ts":1727568000000,"profit_abs":0.0,"wins":0,"draws":0,"losses":0,"trades":0,"profit_factor":0.0},{"date":"30/09/2024","date_ts":1727654400000,"profit_abs":0.0,"wins":0,"draws":0,"losses":0,"trades":0,"profit_factor":0.0},{"date":"01/10/2024","date_ts":1727740800000,"profit_abs":0.0,"wins":0,"draws":0,"losses":0,"trades":0,"profit_factor":0.0},{"date":"02/10/2024","date_ts":1727827200000,"profit_abs":0.0,"wins":0,"draws":0,"losses":0,"trades":0,"profit_factor":0.0},{"date":"03/10/2024","date_ts":1727913600000,"profit_abs":0.0,"wins":0,"draws":0,"losses":0,"trades":0,"profit_factor":0.0},{"date":"04/10/2024","date_ts":1728000000000,"profit_abs":0.0,"wins":0,"draws":0,"losses":0,"trades":0,"profit_factor":0.0},{"date":"05/10/2024","date_ts":1728086400000,"profit_abs":0.0,"wins":0,"draws":0,"losses":0,"trades":0,"profit_factor":0.0},{"date":"06/10/2024","date_ts":1728172800000,"profit_abs":0.0,"wins":0,"draws":0,"losses":0,"trades":0,"profit_factor":0.0},{"date":"07/10/2024","date_ts":1728259200000,"profit_abs":0.0,"wins":0,"draws":0,"losses":0,"trades":0,"profit_factor":0.0},{"date":"08/10/2024","date_ts":1728345600000,"profit_abs":0.0,"wins":0,"draws":0,"losses":0,"trades":0,"profit_factor":0.0},{"date":"09/10/2024","date_ts":1728432000000,"profit_abs":0.0,"wins":0,"draws":0,"losses":0,"trades":0,"profit_factor":0.0},{"date":"10/10/2024","date_ts":1728518400000,"profit_abs":0.0,"wins":0,"draws":0,"losses":0,"trades":0,"profit_factor":0.0},{"date":"11/10/2024","date_ts":1728604800000,"profit_abs":0.0,"wins":0,"draws":0,"losses":0,"trades":0,"profit_factor":0.0},{"date":"12/10/2024","date_ts":1728691200000,"profit_abs":0.0,"wins":0,"draws":0,"losses":0,"trades":0,"profit_factor":0.0},{"date":"13/10/2024","date_ts":1728777600000,"profit_abs":0.0,"wins":0,"draws":0,"losses":0,"trades":0,"profit_factor":0.0},{"date":"14/10/2024","date_ts":1728864000000,"profit_abs":0.0,"wins":0,"draws":0,"losses":0,"trades":0,"profit_factor":0.0},{"date":"15/10/2024","date_ts":1728950400000,"profit_abs":0.0,"wins":0,"draws":0,"losses":0,"trades":0,"profit_factor":0.0},{"date":"16/10/2024","date_ts":1729036800000,"profit_abs":0.0,"wins":0,"draws":0,"losses":0,"trades":0,"profit_factor":0.0},{"date":"17/10/2024","date_ts":1729123200000,"profit_abs":0.0,"wins":0,"draws":0,"losses":0,"trades":0,"profit_factor":0.0},{"date":"18/10/2024","date_ts":1729209600000,"profit_abs":0.0,"wins":0,"draws":0,"losses":0,"trades":0,"profit_factor":0.0},{"date":"19/10/2024","date_ts":1729296000000,"profit_abs":0.0,"wins":0,"draws":0,"losses":0,"trades":0,"profit_factor":0.0},{"date":"20/10/2024","date_ts":1729382400000,"profit_abs":0.0,"wins":0,"draws":0,"losses":0,"trades":0,"profit_factor":0.0},{"date":"21/10/2024","date_ts":1729468800000,"profit_abs":0.0,"wins":0,"draws":0,"losses":0,"trades":0,"profit_factor":0.0},{"date":"22/10/2024","date_ts":1729555200000,"profit_abs":0.0,"wins":0,"draws":0,"losses":0,"trades":0,"profit_factor":0.0},{"date":"23/10/2024","date_ts":1729641600000,"profit_abs":0.0,"wins":0,"draws":0,"losses":0,"trades":0,"profit_factor":0.0},{"date":"24/10/2024","date_ts":1729728000000,"profit_abs":0.0,"wins":0,"draws":0,"losses":0,"trades":0,"profit_factor":0.0},{"date":"25/10/2024","date_ts":1729814400000,"profit_abs":0.0,"wins":0,"draws":0,"losses":0,"trades":0,"profit_factor":0.0},{"date":"26/10/2024","date_ts":1729900800000,"profit_abs":3.760884,"wins":1,"draws":0,"losses":0,"trades":1,"profit_factor":0.0},{"date":"27/10/2024","date_ts":1729987200000,"profit_abs":0.0,"wins":0,"draws":0,"losses":0,"trades":0,"profit_factor":0.0},{"date":"28/10/2024","date_ts":1730073600000,"profit_abs":0.0,"wins":0,"draws":0,"losses":0,"trades":0,"profit_factor":0.0},{"date":"29/10/2024","date_ts":1730160000000,"profit_abs":0.0,"wins":0,"draws":0,"losses":0,"trades":0,"profit_factor":0.0},{"date":"30/10/2024","date_ts":1730246400000,"profit_abs":0.0,"wins":0,"draws":0,"losses":0,"trades":0,"profit_factor":0.0},{"date":"31/10/2024","date_ts":1730332800000,"profit_abs":0.0,"wins":0,"draws":0,"losses":0,"trades":0,"profit_factor":0.0},{"date":"01/11/2024","date_ts":1730419200000,"profit_abs":0.0,"wins":0,"draws":0,"losses":0,"trades":0,"profit_factor":0.0},{"date":"02/11/2024","date_ts":1730505600000,"profit_abs":0.0,"wins":0,"draws":0,"losses":0,"trades":0,"profit_factor":0.0},{"date":"03/11/2024","date_ts":1730592000000,"profit_abs":0.0,"wins":0,"draws":0,"losses":0,"trades":0,"profit_factor":0.0},{"date":"04/11/2024","date_ts":1730678400000,"profit_abs":0.0,"wins":0,"draws":0,"losses":0,"trades":0,"profit_factor":0.0},{"date":"05/11/2024","date_ts":1730764800000,"profit_abs":0.0,"wins":0,"draws":0,"losses":0,"trades":0,"profit_factor":0.0},{"date":"06/11/2024","date_ts":1730851200000,"profit_abs":0.0,"wins":0,"draws":0,"losses":0,"trades":0,"profit_factor":0.0},{"date":"07/11/2024","date_ts":1730937600000,"profit_abs":0.0,"wins":0,"draws":0,"losses":0,"trades":0,"profit_factor":0.0},{"date":"08/11/2024","date_ts":1731024000000,"profit_abs":0.0,"wins":0,"draws":0,"losses":0,"trades":0,"profit_factor":0.0},{"date":"09/11/2024","date_ts":1731110400000,"profit_abs":0.0,"wins":0,"draws":0,"losses":0,"trades":0,"profit_factor":0.0},{"date":"10/11/2024","date_ts":1731196800000,"profit_abs":0.0,"wins":0,"draws":0,"losses":0,"trades":0,"profit_factor":0.0},{"date":"11/11/2024","date_ts":1731283200000,"profit_abs":0.0,"wins":0,"draws":0,"losses":0,"trades":0,"profit_factor":0.0},{"date":"12/11/2024","date_ts":1731369600000,"profit_abs":0.0,"wins":0,"draws":0,"losses":0,"trades":0,"profit_factor":0.0},{"date":"13/11/2024","date_ts":1731456000000,"profit_abs":0.0,"wins":0,"draws":0,"losses":0,"trades":0,"profit_factor":0.0},{"date":"14/11/2024","date_ts":1731542400000,"profit_abs":0.0,"wins":0,"draws":0,"losses":0,"trades":0,"profit_factor":0.0},{"date":"15/11/2024","date_ts":1731628800000,"profit_abs":0.0,"wins":0,"draws":0,"losses":0,"trades":0,"profit_factor":0.0},{"date":"16/11/2024","date_ts":1731715200000,"profit_abs":0.0,"wins":0,"draws":0,"losses":0,"trades":0,"profit_factor":0.0},{"date":"17/11/2024","date_ts":1731801600000,"profit_abs":0.0,"wins":0,"draws":0,"losses":0,"trades":0,"profit_factor":0.0},{"date":"18/11/2024","date_ts":1731888000000,"profit_abs":0.0,"wins":0,"draws":0,"losses":0,"trades":0,"profit_factor":0.0},{"date":"19/11/2024","date_ts":1731974400000,"profit_abs":0.0,"wins":0,"draws":0,"losses":0,"trades":0,"profit_factor":0.0},{"date":"20/11/2024","date_ts":1732060800000,"profit_abs":0.0,"wins":0,"draws":0,"losses":0,"trades":0,"profit_factor":0.0},{"date":"21/11/2024","date_ts":1732147200000,"profit_abs":0.0,"wins":0,"draws":0,"losses":0,"trades":0,"profit_factor":0.0},{"date":"22/11/2024","date_ts":1732233600000,"profit_abs":0.0,"wins":0,"draws":0,"losses":0,"trades":0,"profit_factor":0.0},{"date":"23/11/2024","date_ts":1732320000000,"profit_abs":0.0,"wins":0,"draws":0,"losses":0,"trades":0,"profit_factor":0.0},{"date":"24/11/2024","date_ts":1732406400000,"profit_abs":0.0,"wins":0,"draws":0,"losses":0,"trades":0,"profit_factor":0.0},{"date":"25/11/2024","date_ts":1732492800000,"profit_abs":0.0,"wins":0,"draws":0,"losses":0,"trades":0,"profit_factor":0.0},{"date":"26/11/2024","date_ts":1732579200000,"profit_abs":0.0,"wins":0,"draws":0,"losses":0,"trades":0,"profit_factor":0.0},{"date":"27/11/2024","date_ts":1732665600000,"profit_abs":0.0,"wins":0,"draws":0,"losses":0,"trades":0,"profit_factor":0.0},{"date":"28/11/2024","date_ts":1732752000000,"profit_abs":0.0,"wins":0,"draws":0,"losses":0,"trades":0,"profit_factor":0.0},{"date":"29/11/2024","date_ts":1732838400000,"profit_abs":0.0,"wins":0,"draws":0,"losses":0,"trades":0,"profit_factor":0.0},{"date":"30/11/2024","date_ts":1732924800000,"profit_abs":0.0,"wins":0,"draws":0,"losses":0,"trades":0,"profit_factor":0.0},{"date":"01/12/2024","date_ts":1733011200000,"profit_abs":0.0,"wins":0,"draws":0,"losses":0,"trades":0,"profit_factor":0.0},{"date":"02/12/2024","date_ts":1733097600000,"profit_abs":0.0,"wins":0,"draws":0,"losses":0,"trades":0,"profit_factor":0.0},{"date":"03/12/2024","date_ts":1733184000000,"profit_abs":0.0,"wins":0,"draws":0,"losses":0,"trades":0,"profit_factor":0.0},{"date":"04/12/2024","date_ts":1733270400000,"profit_abs":0.0,"wins":0,"draws":0,"losses":0,"trades":0,"profit_factor":0.0},{"date":"05/12/2024","date_ts":1733356800000,"profit_abs":9.83577359,"wins":1,"draws":0,"losses":0,"trades":1,"profit_factor":0.0}],"week":[{"date":"10/06/2024","date_ts":1717977600000,"profit_abs":7.695452,"wins":2,"draws":0,"losses":0,"trades":2,"profit_factor":0.0},{"date":"17/06/2024","date_ts":1718582400000,"profit_abs":0.0,"wins":0,"draws":0,"losses":0,"trades":0,"profit_factor":0.0},{"date":"24/06/2024","date_ts":1719187200000,"profit_abs":3.324093,"wins":1,"draws":0,"losses":0,"trades":1,"profit_factor":0.0},{"date":"01/07/2024","date_ts":1719792000000,"profit_abs":0.0,"wins":0,"draws":0,"losses":0,"trades":0,"profit_factor":0.0},{"date":"08/07/2024","date_ts":1720396800000,"profit_abs":0.0,"wins":0,"draws":0,"losses":0,"trades":0,"profit_factor":0.0},{"date":"15/07/2024","date_ts":1721001600000,"profit_abs":0.0,"wins":0,"draws":0,"losses":0,"trades":0,"profit_factor":0.0},{"date":"22/07/2024","date_ts":1721606400000,"profit_abs":0.0,"wins":0,"draws":0,"losses":0,"trades":0,"profit_factor":0.0},{"date":"29/07/2024","date_ts":1722211200000,"profit_abs":0.0,"wins":0,"draws":0,"losses":0,"trades":0,"profit_factor":0.0},{"date":"05/08/2024","date_ts":1722816000000,"profit_abs":0.0,"wins":0,"draws":0,"losses":0,"trades":0,"profit_factor":0.0},{"date":"12/08/2024","date_ts":1723420800000,"profit_abs":0.0,"wins":0,"draws":0,"losses":0,"trades":0,"profit_factor":0.0},{"date":"19/08/2024","date_ts":1724025600000,"profit_abs":0.0,"wins":0,"draws":0,"losses":0,"trades":0,"profit_factor":0.0},{"date":"26/08/2024","date_ts":1724630400000,"profit_abs":0.0,"wins":0,"draws":0,"losses":0,"trades":0,"profit_factor":0.0},{"date":"02/09/2024","date_ts":1725235200000,"profit_abs":0.0,"wins":0,"draws":0,"losses":0,"trades":0,"profit_factor":0.0},{"date":"09/09/2024","date_ts":1725840000000,"profit_abs":-66.990105,"wins":0,"draws":0,"losses":1,"trades":1,"profit_factor":0.0},{"date":"16/09/2024","date_ts":1726444800000,"profit_abs":0.0,"wins":0,"draws":0,"losses":0,"trades":0,"profit_factor":0.0},{"date":"23/09/2024","date_ts":1727049600000,"profit_abs":0.0,"wins":0,"draws":0,"losses":0,"trades":0,"profit_factor":0.0},{"date":"30/09/2024","date_ts":1727654400000,"profit_abs":0.0,"wins":0,"draws":0,"losses":0,"trades":0,"profit_factor":0.0},{"date":"07/10/2024","date_ts":1728259200000,"profit_abs":0.0,"wins":0,"draws":0,"losses":0,"trades":0,"profit_factor":0.0},{"date":"14/10/2024","date_ts":1728864000000,"profit_abs":0.0,"wins":0,"draws":0,"losses":0,"trades":0,"profit_factor":0.0},{"date":"21/10/2024","date_ts":1729468800000,"profit_abs":0.0,"wins":0,"draws":0,"losses":0,"trades":0,"profit_factor":0.0},{"date":"28/10/2024","date_ts":1730073600000,"profit_abs":3.760884,"wins":1,"draws":0,"losses":0,"trades":1,"profit_factor":0.0},{"date":"04/11/2024","date_ts":1730678400000,"profit_abs":0.0,"wins":0,"draws":0,"losses":0,"trades":0,"profit_factor":0.0},{"date":"11/11/2024","date_ts":1731283200000,"profit_abs":0.0,"wins":0,"draws":0,"losses":0,"trades":0,"profit_factor":0.0},{"date":"18/11/2024","date_ts":1731888000000,"profit_abs":0.0,"wins":0,"draws":0,"losses":0,"trades":0,"profit_factor":0.0},{"date":"25/11/2024","date_ts":1732492800000,"profit_abs":0.0,"wins":0,"draws":0,"losses":0,"trades":0,"profit_factor":0.0},{"date":"02/12/2024","date_ts":1733097600000,"profit_abs":0.0,"wins":0,"draws":0,"losses":0,"trades":0,"profit_factor":0.0},{"date":"09/12/2024","date_ts":1733702400000,"profit_abs":9.83577359,"wins":1,"draws":0,"losses":0,"trades":1,"profit_factor":0.0}],"month":[{"date":"30/06/2024","date_ts":1719705600000,"profit_abs":11.019545,"wins":3,"draws":0,"losses":0,"trades":3,"profit_factor":0.0},{"date":"31/07/2024","date_ts":1722384000000,"profit_abs":0.0,"wins":0,"draws":0,"losses":0,"trades":0,"profit_factor":0.0},{"date":"31/08/2024","date_ts":1725062400000,"profit_abs":0.0,"wins":0,"draws":0,"losses":0,"trades":0,"profit_factor":0.0},{"date":"30/09/2024","date_ts":1727654400000,"profit_abs":-66.990105,"wins":0,"draws":0,"losses":1,"trades":1,"profit_factor":0.0},{"date":"31/10/2024","date_ts":1730332800000,"profit_abs":3.760884,"wins":1,"draws":0,"losses":0,"trades":1,"profit_factor":0.0},{"date":"30/11/2024","date_ts":1732924800000,"profit_abs":0.0,"wins":0,"draws":0,"losses":0,"trades":0,"profit_factor":0.0},{"date":"31/12/2024","date_ts":1735603200000,"profit_abs":9.83577359,"wins":1,"draws":0,"losses":0,"trades":1,"profit_factor":0.0}],"year":[{"date":"31/12/2024","date_ts":1735603200000,"profit_abs":-42.37390241,"wins":5,"draws":0,"losses":1,"trades":6,"profit_factor":0.36746028}]},"backtest_best_day":0.03188712127348815,"backtest_worst_day":-0.20079960019990006,"backtest_best_day_abs":9.83577359,"backtest_worst_day_abs":-66.990105,"winning_days":5,"draw_days":176,"losing_days":1,"daily_profit":[["2024-06-07",4.405886],["2024-06-08",3.289566],["2024-06-09",0.0],["2024-06-10",0.0],["2024-06-11",0.0],["2024-06-12",0.0],["2024-06-13",0.0],["2024-06-14",0.0],["2024-06-15",0.0],["2024-06-16",0.0],["2024-06-17",0.0],["2024-06-18",3.324093],["2024-06-19",0.0],["2024-06-20",0.0],["2024-06-21",0.0],["2024-06-22",0.0],["2024-06-23",0.0],["2024-06-24",0.0],["2024-06-25",0.0],["2024-06-26",0.0],["2024-06-27",0.0],["2024-06-28",0.0],["2024-06-29",0.0],["2024-06-30",0.0],["2024-07-01",0.0],["2024-07-02",0.0],["2024-07-03",0.0],["2024-07-04",0.0],["2024-07-05",0.0],["2024-07-06",0.0],["2024-07-07",0.0],["2024-07-08",0.0],["2024-07-09",0.0],["2024-07-10",0.0],["2024-07-11",0.0],["2024-07-12",0.0],["2024-07-13",0.0],["2024-07-14",0.0],["2024-07-15",0.0],["2024-07-16",0.0],["2024-07-17",0.0],["2024-07-18",0.0],["2024-07-19",0.0],["2024-07-20",0.0],["2024-07-21",0.0],["2024-07-22",0.0],["2024-07-23",0.0],["2024-07-24",0.0],["2024-07-25",0.0],["2024-07-26",0.0],["2024-07-27",0.0],["2024-07-28",0.0],["2024-07-29",0.0],["2024-07-30",0.0],["2024-07-31",0.0],["2024-08-01",0.0],["2024-08-02",0.0],["2024-08-03",0.0],["2024-08-04",0.0],["2024-08-05",0.0],["2024-08-06",0.0],["2024-08-07",0.0],["2024-08-08",0.0],["2024-08-09",0.0],["2024-08-10",0.0],["2024-08-11",0.0],["2024-08-12",0.0],["2024-08-13",0.0],["2024-08-14",0.0],["2024-08-15",0.0],["2024-08-16",0.0],["2024-08-17",0.0],["2024-08-18",0.0],["2024-08-19",0.0],["2024-08-20",0.0],["2024-08-21",0.0],["2024-08-22",0.0],["2024-08-23",0.0],["2024-08-24",0.0],["2024-08-25",0.0],["2024-08-26",0.0],["2024-08-27",0.0],["2024-08-28",0.0],["2024-08-29",0.0],["2024-08-30",0.0],["2024-08-31",0.0],["2024-09-01",0.0],["2024-09-02",0.0],["2024-09-03",-66.990105],["2024-09-04",0.0],["2024-09-05",0.0],["2024-09-06",0.0],["2024-09-07",0.0],["2024-09-08",0.0],["2024-09-09",0.0],["2024-09-10",0.0],["2024-09-11",0.0],["2024-09-12",0.0],["2024-09-13",0.0],["2024-09-14",0.0],["2024-09-15",0.0],["2024-09-16",0.0],["2024-09-17",0.0],["2024-09-18",0.0],["2024-09-19",0.0],["2024-09-20",0.0],["2024-09-21",0.0],["2024-09-22",0.0],["2024-09-23",0.0],["2024-09-24",0.0],["2024-09-25",0.0],["2024-09-26",0.0],["2024-09-27",0.0],["2024-09-28",0.0],["2024-09-29",0.0],["2024-09-30",0.0],["2024-10-01",0.0],["2024-10-02",0.0],["2024-10-03",0.0],["2024-10-04",0.0],["2024-10-05",0.0],["2024-10-06",0.0],["2024-10-07",0.0],["2024-10-08",0.0],["2024-10-09",0.0],["2024-10-10",0.0],["2024-10-11",0.0],["2024-10-12",0.0],["2024-10-13",0.0],["2024-10-14",0.0],["2024-10-15",0.0],["2024-10-16",0.0],["2024-10-17",0.0],["2024-10-18",0.0],["2024-10-19",0.0],["2024-10-20",0.0],["2024-10-21",0.0],["2024-10-22",0.0],["2024-10-23",0.0],["2024-10-24",0.0],["2024-10-25",0.0],["2024-10-26",3.760884],["2024-10-27",0.0],["2024-10-28",0.0],["2024-10-29",0.0],["2024-10-30",0.0],["2024-10-31",0.0],["2024-11-01",0.0],["2024-11-02",0.0],["2024-11-03",0.0],["2024-11-04",0.0],["2024-11-05",0.0],["2024-11-06",0.0],["2024-11-07",0.0],["2024-11-08",0.0],["2024-11-09",0.0],["2024-11-10",0.0],["2024-11-11",0.0],["2024-11-12",0.0],["2024-11-13",0.0],["2024-11-14",0.0],["2024-11-15",0.0],["2024-11-16",0.0],["2024-11-17",0.0],["2024-11-18",0.0],["2024-11-19",0.0],["2024-11-20",0.0],["2024-11-21",0.0],["2024-11-22",0.0],["2024-11-23",0.0],["2024-11-24",0.0],["2024-11-25",0.0],["2024-11-26",0.0],["2024-11-27",0.0],["2024-11-28",0.0],["2024-11-29",0.0],["2024-11-30",0.0],["2024-12-01",0.0],["2024-12-02",0.0],["2024-12-03",0.0],["2024-12-04",0.0],["2024-12-05",9.83577359]],"wins":5,"losses":1,"draws":0,"winrate":0.8333333333333334,"holding_avg":"1 day, 19:25:00","holding_avg_s":156300.0,"winner_holding_avg":"5:30:00","winner_holding_avg_s":19800.0,"loser_holding_avg":"9 days, 17:00:00","loser_holding_avg_s":838800.0,"max_consecutive_wins":3,"max_consecutive_losses":1,"max_drawdown_account":0.06625995049383539,"max_relative_drawdown":0.06625995049383539,"max_drawdown_abs":66.990105,"drawdown_start":"2024-06-18 14:00:00","drawdown_start_ts":1718719200000.0,"drawdown_end":"2024-09-03 14:00:00","drawdown_end_ts":1725372000000.0,"max_drawdown_low":-55.97056,"max_drawdown_high":11.019544999999999,"csum_min":944.02944,"csum_max":1011.019545}},"strategy_comparison":[{"key":"raindow","trades":6,"profit_mean":-0.02056707350042102,"profit_mean_pct":-2.06,"profit_sum":-0.1234024410025261,"profit_sum_pct":-12.34,"profit_total_abs":-42.37390241,"profit_total":-0.04237390241,"profit_total_pct":-4.24,"duration_avg":"1 day, 19:25:00","wins":5,"draws":0,"losses":1,"winrate":0.8333333333333334,"cagr":-0.040841055788024994,"expectancy":-7.062317068333332,"expectancy_ratio":-0.1054232870411731,"sortino":-100,"sharpe":-0.07941584241987718,"calmar":-3.223699688288172,"sqn":-0.5871,"profit_factor":0.3674602777529607,"max_drawdown_account":0.06625995049383539,"max_drawdown_abs":"66.99"}]}