{"strategy":{"mini":{"trades":[{"pair":"BTC/USDT:USDT","stake_amount":51.01455,"max_stake_amount":51.01455,"amount":0.0005,"open_date":"2025-02-01 12:00:00+00:00","close_date":"2025-02-03 02:00:00+00:00","open_rate":102029.1,"close_rate":91826.2,"fee_open":0.0005,"fee_close":0.0005,"trade_duration":2280,"profit_ratio":-0.10098237629769587,"profit_abs":-5.15414627,"exit_reason":"stop_loss","initial_stop_loss_abs":91826.2,"initial_stop_loss_ratio":-0.1,"stop_loss_abs":91826.2,"stop_loss_ratio":-0.1,"min_rate":91255.0,"max_rate":102328.3,"is_open":false,"enter_tag":"","leverage":1.0,"is_short":false,"open_timestamp":1738411200000,"close_timestamp":1738548000000,"orders":[{"amount":0.0005,"safe_price":102029.1,"ft_order_side":"buy","order_filled_timestamp":1738411200000,"ft_is_entry":true,"ft_order_tag":"","cost":51.040057275},{"amount":0.0005,"safe_price":91826.2,"ft_order_side":"sell","order_filled_timestamp":1738548000000,"ft_is_entry":false,"ft_order_tag":"stop_loss","cost":45.936056549999996}]},{"pair":"BTC/USDT:USDT","stake_amount":56.5236,"max_stake_amount":56.5236,"amount":0.0006,"open_date":"2025-02-03 06:00:00+00:00","close_date":"2025-02-03 07:00:00+00:00","open_rate":94206.0,"close_rate":95242.78439219607,"fee_open":0.0005,"fee_close":0.0005,"trade_duration":60,"profit_ratio":0.009995002498750625,"profit_abs":0.565236,"exit_reason":"roi","initial_stop_loss_abs":84785.5,"initial_stop_loss_ratio":-0.1,"stop_loss_abs":84785.5,"stop_loss_ratio":-0.1,"min_rate":93617.6,"max_rate":95400.0,"is_open":false,"enter_tag":"","leverage":1.0,"is_short":false,"open_timestamp":1738562400000,"close_timestamp":1738566000000,"orders":[{"amount":0.0006,"safe_price":94206.0,"ft_order_side":"buy","order_filled_timestamp":1738562400000,"ft_is_entry":true,"ft_order_tag":"","cost":56.55186179999999},{"amount":0.0006,"safe_price":95242.78439219607,"ft_order_side":"sell","order_filled_timestamp":1738566000000,"ft_is_entry":false,"ft_order_tag":"roi","cost":57.17424347063529}]},{"pair":"BTC/USDT:USDT","stake_amount":57.83508,"max_stake_amount":57.83508,"amount":0.0006,"open_date":"2025-02-11 22:00:00+00:00","close_date":"2025-02-12 17:00:00+00:00","open_rate":96391.8,"close_rate":97452.64022011004,"fee_open":0.0005,"fee_close":0.0005,"trade_duration":1140,"profit_ratio":0.00989313190130486,"profit_abs":0.57245616,"exit_reason":"roi","initial_stop_loss_abs":86752.7,"initial_stop_loss_ratio":-0.1,"stop_loss_abs":86752.7,"stop_loss_ratio":-0.1,"min_rate":94072.1,"max_rate":97700.0,"is_open":false,"enter_tag":"","leverage":1.0,"is_short":false,"open_timestamp":1739311200000,"close_timestamp":1739379600000,"orders":[{"amount":0.0006,"safe_price":96391.8,"ft_order_side":"buy","order_filled_timestamp":1739311200000,"ft_is_entry":true,"ft_order_tag":"","cost":57.86399753999999},{"amount":0.0006,"safe_price":97452.64022011004,"ft_order_side":"sell","order_filled_timestamp":1739379600000,"ft_is_entry":false,"ft_order_tag":"roi","cost":58.50081992413205}]},{"pair":"BTC/USDT:USDT","stake_amount":57.4725,"max_stake_amount":57.4725,"amount":0.0006,"open_date":"2025-02-21 23:00:00+00:00","close_date":"2025-02-22 12:00:00+00:00","open_rate":95787.5,"close_rate":96841.68959479738,"fee_open":0.0005,"fee_close":0.0005,"trade_duration":780,"profit_ratio":0.0098235867059293,"profit_abs":0.56486838,"exit_reason":"roi","initial_stop_loss_abs":86208.8,"initial_stop_loss_ratio":-0.1,"stop_loss_abs":86208.8,"stop_loss_ratio":-0.1,"min_rate":95612.7,"max_rate":97000.0,"is_open":false,"enter_tag":"","leverage":1.0,"is_short":false,"open_timestamp":1740178800000,"close_timestamp":1740225600000,"orders":[{"amount":0.0006,"safe_price":95787.5,"ft_order_side":"buy","order_filled_timestamp":1740178800000,"ft_is_entry":true,"ft_order_tag":"","cost":57.50123624999999},{"amount":0.0006,"safe_price":96841.68959479738,"ft_order_side":"sell","order_filled_timestamp":1740225600000,"ft_is_entry":false,"ft_order_tag":"roi","cost":58.134066263756864}]},{"pair":"BTC/USDT:USDT","stake_amount":197.76023,"max_stake_amount":197.76023,"amount":0.0022,"open_date":"2025-02-24 17:00:00+00:00","close_date":"2025-02-26 18:00:00+00:00","open_rate":89891.0,"close_rate":84977.1,"fee_open":0.0005,"fee_close":0.0005,"trade_duration":2940,"profit_ratio":-0.05586136424840859,"profit_abs":-11.05267982,"exit_reason":"stop_loss","initial_stop_loss_abs":84977.1,"initial_stop_loss_ratio":-0.1,"stop_loss_abs":84977.1,"stop_loss_ratio":-0.1,"min_rate":83355.9,"max_rate":95192.8,"is_open":false,"enter_tag":"","leverage":1.0,"is_short":false,"open_timestamp":1740416400000,"close_timestamp":1740592800000,"orders":[{"amount":0.0006,"safe_price":94418.9,"ft_order_side":"buy","order_filled_timestamp":1740416400000,"ft_is_entry":true,"ft_order_tag":"","cost":56.679665669999984},{"amount":0.0007,"safe_price":89419.7,"ft_order_side":"buy","order_filled_timestamp":1740474000000,"ft_is_entry":true,"ft_order_tag":"1/3rd_increase","cost":62.625086894999995},{"amount":0.0009,"safe_price":87239.0,"ft_order_side":"buy","order_filled_timestamp":1740499200000,"ft_is_entry":true,"ft_order_tag":"1/3rd_increase","cost":78.55435755},{"amount":0.0022,"safe_price":84977.1,"ft_order_side":"sell","order_filled_timestamp":1740592800000,"ft_is_entry":false,"ft_order_tag":"stop_loss","cost":187.04309481}]},{"pair":"BTC/USDT:USDT","stake_amount":50.83944,"max_stake_amount":50.83944,"amount":0.0006,"open_date":"2025-02-27 01:00:00+00:00","close_date":"2025-02-27 05:00:00+00:00","open_rate":84732.4,"close_rate":85664.92266133064,"fee_open":0.0005,"fee_close":0.0005,"trade_duration":240,"profit_ratio":0.009995002498750625,"profit_abs":0.5083944,"exit_reason":"roi","initial_stop_loss_abs":76259.2,"initial_stop_loss_ratio":-0.1,"stop_loss_abs":76259.2,"stop_loss_ratio":-0.1,"min_rate":84201.0,"max_rate":85972.0,"is_open":false,"enter_tag":"","leverage":1.0,"is_short":false,"open_timestamp":1740618000000,"close_timestamp":1740632400000,"orders":[{"amount":0.0006,"safe_price":84732.4,"ft_order_side":"buy","order_filled_timestamp":1740618000000,"ft_is_entry":true,"ft_order_tag":"","cost":50.864859719999984},{"amount":0.0006,"safe_price":85664.92266133064,"ft_order_side":"sell","order_filled_timestamp":1740632400000,"ft_is_entry":false,"ft_order_tag":"roi","cost":51.42465307359677}]},{"pair":"BTC/USDT:USDT","stake_amount":56.23863,"max_stake_amount":56.23863,"amount":0.0007,"open_date":"2025-02-28 10:00:00+00:00","close_date":"2025-02-28 13:00:00+00:00","open_rate":80340.9,"close_rate":81225.09199599798,"fee_open":0.0005,"fee_close":0.0005,"trade_duration":180,"profit_ratio":0.009995002498750625,"profit_abs":0.5623863,"exit_reason":"roi","initial_stop_loss_abs":72306.9,"initial_stop_loss_ratio":-0.1,"stop_loss_abs":72306.9,"stop_loss_ratio":-0.1,"min_rate":79538.5,"max_rate":81756.7,"is_open":false,"enter_tag":"","leverage":1.0,"is_short":false,"open_timestamp":1740736800000,"close_timestamp":1740747600000,"orders":[{"amount":0.0007,"safe_price":80340.9,"ft_order_side":"buy","order_filled_timestamp":1740736800000,"ft_is_entry":true,"ft_order_tag":"","cost":56.26674931499999},{"amount":0.0007,"safe_price":81225.09199599798,"ft_order_side":"sell","order_filled_timestamp":1740747600000,"ft_is_entry":false,"ft_order_tag":"roi","cost":56.88599317939718}]},{"pair":"BTC/USDT:USDT","stake_amount":58.74554,"max_stake_amount":58.74554,"amount":0.0007,"open_date":"2025-03-04 03:00:00+00:00","close_date":"2025-03-04 14:00:00+00:00","open_rate":83922.2,"close_rate":84845.80600300149,"fee_open":0.0005,"fee_close":0.0005,"trade_duration":660,"profit_ratio":0.009958098998638462,"profit_abs":0.5852864,"exit_reason":"roi","initial_stop_loss_abs":75530.0,"initial_stop_loss_ratio":-0.1,"stop_loss_abs":75530.0,"stop_loss_ratio":-0.1,"min_rate":82051.5,"max_rate":84994.8,"is_open":false,"enter_tag":"","leverage":1.0,"is_short":false,"open_timestamp":1741057200000,"close_timestamp":1741096800000,"orders":[{"amount":0.0007,"safe_price":83922.2,"ft_order_side":"buy","order_filled_timestamp":1741057200000,"ft_is_entry":true,"ft_order_tag":"","cost":58.77491276999999},{"amount":0.0007,"safe_price":84845.80600300149,"ft_order_side":"sell","order_filled_timestamp":1741096800000,"ft_is_entry":false,"ft_order_tag":"roi","cost":59.42176023420209}]},{"pair":"BTC/USDT:USDT","stake_amount":107.52481,"max_stake_amount":107.52481,"amount":0.0013,"open_date":"2025-03-09 12:00:00+00:00","close_date":"2025-03-10 09:00:00+00:00","open_rate":82711.4,"close_rate":83621.68054027013,"fee_open":0.0005,"fee_close":0.0005,"trade_duration":1260,"profit_ratio":0.00994738567427079,"profit_abs":1.07012555,"exit_reason":"roi","initial_stop_loss_abs":76516.2,"initial_stop_loss_ratio":-0.1,"stop_loss_abs":76516.2,"stop_loss_ratio":-0.1,"min_rate":79940.0,"max_rate":85063.9,"is_open":false,"enter_tag":"","leverage":1.0,"is_short":false,"open_timestamp":1741521600000,"close_timestamp":1741597200000,"orders":[{"amount":0.0006,"safe_price":85018.0,"ft_order_side":"buy","order_filled_timestamp":1741521600000,"ft_is_entry":true,"ft_order_tag":"","cost":51.036305399999996},{"amount":0.0007,"safe_price":80734.3,"ft_order_side":"buy","order_filled_timestamp":1741564800000,"ft_is_entry":true,"ft_order_tag":"1/3rd_increase","cost":56.542267005},{"amount":0.0013,"safe_price":83621.68054027013,"ft_order_side":"sell","order_filled_timestamp":1741597200000,"ft_is_entry":false,"ft_order_tag":"roi","cost":108.76253879470234}]},{"pair":"BTC/USDT:USDT","stake_amount":55.35257,"max_stake_amount":55.35257,"amount":0.0007,"open_date":"2025-03-10 20:00:00+00:00","close_date":"2025-03-11 04:00:00+00:00","open_rate":79075.1,"close_rate":79945.36123061531,"fee_open":0.0005,"fee_close":0.0005,"trade_duration":480,"profit_ratio":0.00996180690784373,"profit_abs":0.55168732,"exit_reason":"roi","initial_stop_loss_abs":71167.6,"initial_stop_loss_ratio":-0.1,"stop_loss_abs":71167.6,"stop_loss_ratio":-0.1,"min_rate":76600.0,"max_rate":80258.6,"is_open":false,"enter_tag":"","leverage":1.0,"is_short":false,"open_timestamp":1741636800000,"close_timestamp":1741665600000,"orders":[{"amount":0.0007,"safe_price":79075.1,"ft_order_side":"buy","order_filled_timestamp":1741636800000,"ft_is_entry":true,"ft_order_tag":"","cost":55.380246285},{"amount":0.0007,"safe_price":79945.36123061531,"ft_order_side":"sell","order_filled_timestamp":1741665600000,"ft_is_entry":false,"ft_order_tag":"roi","cost":55.98973373786143}]},{"pair":"BTC/USDT:USDT","stake_amount":56.58149,"max_stake_amount":56.58149,"amount":0.0007,"open_date":"2025-03-13 19:00:00+00:00","close_date":"2025-03-14 01:00:00+00:00","open_rate":80830.7,"close_rate":81720.28249124561,"fee_open":0.0005,"fee_close":0.0005,"trade_duration":360,"profit_ratio":0.009934616997252248,"profit_abs":0.56239649,"exit_reason":"roi","initial_stop_loss_abs":72747.7,"initial_stop_loss_ratio":-0.1,"stop_loss_abs":72747.7,"stop_loss_ratio":-0.1,"min_rate":80140.1,"max_rate":81884.2,"is_open":false,"enter_tag":"","leverage":1.0,"is_short":false,"open_timestamp":1741892400000,"close_timestamp":1741914000000,"orders":[{"amount":0.0007,"safe_price":80830.7,"ft_order_side":"buy","order_filled_timestamp":1741892400000,"ft_is_entry":true,"ft_order_tag":"","cost":56.609780744999995},{"amount":0.0007,"safe_price":81720.28249124561,"ft_order_side":"sell","order_filled_timestamp":1741914000000,"ft_is_entry":false,"ft_order_tag":"roi","cost":57.232799842743866}]},{"pair":"BTC/USDT:USDT","stake_amount":57.925,"max_stake_amount":57.925,"amount":0.0007,"open_date":"2025-03-16 13:00:00+00:00","close_date":"2025-03-16 16:00:00+00:00","open_rate":82750.0,"close_rate":83660.70535267633,"fee_open":0.0005,"fee_close":0.0005,"trade_duration":180,"profit_ratio":0.009979079687605485,"profit_abs":0.57832721,"exit_reason":"roi","initial_stop_loss_abs":74475.0,"initial_stop_loss_ratio":-0.1,"stop_loss_abs":74475.0,"stop_loss_ratio":-0.1,"min_rate":82500.0,"max_rate":85167.9,"is_open":false,"enter_tag":"","leverage":1.0,"is_short":false,"open_timestamp":1742130000000,"close_timestamp":1742140800000,"orders":[{"amount":0.0007,"safe_price":82750.0,"ft_order_side":"buy","order_filled_timestamp":1742130000000,"ft_is_entry":true,"ft_order_tag":"","cost":57.953962499999996},{"amount":0.0007,"safe_price":83660.70535267633,"ft_order_side":"sell","order_filled_timestamp":1742140800000,"ft_is_entry":false,"ft_order_tag":"roi","cost":58.59177499374687}]},{"pair":"BTC/USDT:USDT","stake_amount":57.28877,"max_stake_amount":57.28877,"amount":0.0007,"open_date":"2025-03-18 15:00:00+00:00","close_date":"2025-03-18 23:00:00+00:00","open_rate":81841.1,"close_rate":82741.80245122562,"fee_open":0.0005,"fee_close":0.0005,"trade_duration":480,"profit_ratio":0.009984773321348069,"profit_abs":0.57230139,"exit_reason":"roi","initial_stop_loss_abs":73657.0,"initial_stop_loss_ratio":-0.1,"stop_loss_abs":73657.0,"stop_loss_ratio":-0.1,"min_rate":81230.5,"max_rate":82811.7,"is_open":false,"enter_tag":"","leverage":1.0,"is_short":false,"open_timestamp":1742310000000,"close_timestamp":1742338800000,"orders":[{"amount":0.0007,"safe_price":81841.1,"ft_order_side":"buy","order_filled_timestamp":1742310000000,"ft_is_entry":true,"ft_order_tag":"","cost":57.317414385000006},{"amount":0.0007,"safe_price":82741.80245122562,"ft_order_side":"sell","order_filled_timestamp":1742338800000,"ft_is_entry":false,"ft_order_tag":"roi","cost":57.94822134671586}]},{"pair":"BTC/USDT:USDT","stake_amount":51.15,"max_stake_amount":51.15,"amount":0.0006,"open_date":"2025-03-28 12:00:00+00:00","close_date":"2025-04-01 16:00:00+00:00","open_rate":85250.0,"close_rate":85295.7,"fee_open":0.0005,"fee_close":0.0005,"trade_duration":6000,"profit_ratio":-0.0010077119797872326,"profit_abs":-0.05157024,"exit_reason":"exit_signal","initial_stop_loss_abs":76725.0,"initial_stop_loss_ratio":-0.1,"stop_loss_abs":76725.0,"stop_loss_ratio":-0.1,"min_rate":81260.9,"max_rate":85642.8,"is_open":false,"enter_tag":"","leverage":1.0,"is_short":false,"open_timestamp":1743163200000,"close_timestamp":1743523200000,"orders":[{"amount":0.0006,"safe_price":85250.0,"ft_order_side":"buy","order_filled_timestamp":1743163200000,"ft_is_entry":true,"ft_order_tag":"","cost":51.175574999999995},{"amount":0.0006,"safe_price":85295.7,"ft_order_side":"sell","order_filled_timestamp":1743523200000,"ft_is_entry":false,"ft_order_tag":"exit_signal","cost":51.203008709999985}]},{"pair":"BTC/USDT:USDT","stake_amount":122.99738,"max_stake_amount":122.99738,"amount":0.0016,"open_date":"2025-04-07 02:00:00+00:00","close_date":"2025-04-07 13:00:00+00:00","open_rate":76873.4,"close_rate":77719.43041520758,"fee_open":0.0005,"fee_close":0.0005,"trade_duration":660,"profit_ratio":0.00994075237010434,"profit_abs":1.22329784,"exit_reason":"roi","initial_stop_loss_abs":71215.4,"initial_stop_loss_ratio":-0.1,"stop_loss_abs":71215.4,"stop_loss_ratio":-0.1,"min_rate":74505.2,"max_rate":79217.3,"is_open":false,"enter_tag":"","leverage":1.0,"is_short":false,"open_timestamp":1743991200000,"close_timestamp":1744030800000,"orders":[{"amount":0.0007,"safe_price":79128.2,"ft_order_side":"buy","order_filled_timestamp":1743991200000,"ft_is_entry":true,"ft_order_tag":"","cost":55.417434869999994},{"amount":0.0009,"safe_price":75119.6,"ft_order_side":"buy","order_filled_timestamp":1744012800000,"ft_is_entry":true,"ft_order_tag":"1/3rd_increase","cost":67.64144382},{"amount":0.0016,"safe_price":77719.43041520758,"ft_order_side":"sell","order_filled_timestamp":1744030800000,"ft_is_entry":false,"ft_order_tag":"roi","cost":124.41326420866429}]},{"pair":"BTC/USDT:USDT","stake_amount":53.49393,"max_stake_amount":53.49393,"amount":0.0007,"open_date":"2025-04-09 05:00:00+00:00","close_date":"2025-04-09 06:00:00+00:00","open_rate":76419.9,"close_rate":77260.93941970983,"fee_open":0.0005,"fee_close":0.0005,"trade_duration":60,"profit_ratio":0.009995002498750625,"profit_abs":0.5349393,"exit_reason":"roi","initial_stop_loss_abs":68778.0,"initial_stop_loss_ratio":-0.1,"stop_loss_abs":68778.0,"stop_loss_ratio":-0.1,"min_rate":76211.8,"max_rate":77324.2,"is_open":false,"enter_tag":"","leverage":1.0,"is_short":false,"open_timestamp":1744174800000,"close_timestamp":1744178400000,"orders":[{"amount":0.0007,"safe_price":76419.9,"ft_order_side":"buy","order_filled_timestamp":1744174800000,"ft_is_entry":true,"ft_order_tag":"","cost":53.52067696499999},{"amount":0.0007,"safe_price":77260.93941970983,"ft_order_side":"sell","order_filled_timestamp":1744178400000,"ft_is_entry":false,"ft_order_tag":"roi","cost":54.10969892259378}]},{"pair":"BTC/USDT:USDT","stake_amount":58.53827,"max_stake_amount":58.53827,"amount":0.0007,"open_date":"2025-04-16 02:00:00+00:00","close_date":"2025-04-16 14:00:00+00:00","open_rate":83626.1,"close_rate":84546.44727363682,"fee_open":0.0005,"fee_close":0.0005,"trade_duration":720,"profit_ratio":0.009985942189783624,"profit_abs":0.58485206,"exit_reason":"roi","initial_stop_loss_abs":75263.5,"initial_stop_loss_ratio":-0.1,"stop_loss_abs":75263.5,"stop_loss_ratio":-0.1,"min_rate":83124.9,"max_rate":84850.6,"is_open":false,"enter_tag":"","leverage":1.0,"is_short":false,"open_timestamp":1744768800000,"close_timestamp":1744812000000,"orders":[{"amount":0.0007,"safe_price":83626.1,"ft_order_side":"buy","order_filled_timestamp":1744768800000,"ft_is_entry":true,"ft_order_tag":"","cost":58.567539135000004},{"amount":0.0007,"safe_price":84546.44727363682,"ft_order_side":"sell","order_filled_timestamp":1744812000000,"ft_is_entry":false,"ft_order_tag":"roi","cost":59.21210434809154}]}],"locks":[],"best_pair":{"key":"BTC/USDT:USDT","trades":17,"profit_mean":-0.0010860157515769566,"profit_mean_pct":-0.11,"profit_sum":-0.01846226777680826,"profit_sum_pct":-1.85,"profit_total_abs":-7.22184153,"profit_total":-0.00722184153,"profit_total_pct":-0.72,"duration_avg":"18:07:00","wins":14,"draws":0,"losses":3,"winrate":0.8235294117647058,"cagr":-0.034658949892859336,"expectancy":-0.4248142076470589,"expectancy_ratio":-0.07838673612535663,"sortino":-0.4092546990840393,"sharpe":-0.6150298844251643,"calmar":-12.683449405585288,"sqn":-0.5681,"profit_factor":0.5558084952896458,"max_drawdown_account":0.014504265550000013,"max_drawdown_abs":14.50426555},"worst_pair":{"key":"BTC/USDT:USDT","trades":17,"profit_mean":-0.0010860157515769566,"profit_mean_pct":-0.11,"profit_sum":-0.01846226777680826,"profit_sum_pct":-1.85,"profit_total_abs":-7.22184153,"profit_total":-0.00722184153,"profit_total_pct":-0.72,"duration_avg":"18:07:00","wins":14,"draws":0,"losses":3,"winrate":0.8235294117647058,"cagr":-0.034658949892859336,"expectancy":-0.4248142076470589,"expectancy_ratio":-0.07838673612535663,"sortino":-0.4092546990840393,"sharpe":-0.6150298844251643,"calmar":-12.683449405585288,"sqn":-0.5681,"profit_factor":0.5558084952896458,"max_drawdown_account":0.014504265550000013,"max_drawdown_abs":14.50426555},"results_per_pair":[{"key":"BTC/USDT:USDT","trades":17,"profit_mean":-0.0010860157515769566,"profit_mean_pct":-0.11,"profit_sum":-0.01846226777680826,"profit_sum_pct":-1.85,"profit_total_abs":-7.22184153,"profit_total":-0.00722184153,"profit_total_pct":-0.72,"duration_avg":"18:07:00","wins":14,"draws":0,"losses":3,"winrate":0.8235294117647058,"cagr":-0.034658949892859336,"expectancy":-0.4248142076470589,"expectancy_ratio":-0.07838673612535663,"sortino":-0.4092546990840393,"sharpe":-0.6150298844251643,"calmar":-12.683449405585288,"sqn":-0.5681,"profit_factor":0.5558084952896458,"max_drawdown_account":0.014504265550000013,"max_drawdown_abs":14.50426555},{"key":"TOTAL","trades":17,"profit_mean":-0.0010860157515769566,"profit_mean_pct":-0.11,"profit_sum":-0.01846226777680826,"profit_sum_pct":-1.85,"profit_total_abs":-7.22184153,"profit_total":-0.00722184153,"profit_total_pct":-0.72,"duration_avg":"18:07:00","wins":14,"draws":0,"losses":3,"winrate":0.8235294117647058,"cagr":-0.034658949892859336,"expectancy":-0.4248142076470589,"expectancy_ratio":-0.07838673612535663,"sortino":-0.4092546990840393,"sharpe":-0.6150298844251643,"calmar":-12.683449405585288,"sqn":-0.5681,"profit_factor":0.5558084952896458,"max_drawdown_account":0.014504265550000013,"max_drawdown_abs":14.50426555}],"results_per_enter_tag":[{"key":"","trades":17,"profit_mean":-0.0010860157515769566,"profit_mean_pct":-0.11,"profit_sum":-0.01846226777680826,"profit_sum_pct":-1.85,"profit_total_abs":-7.22184153,"profit_total":-0.00722184153,"profit_total_pct":-0.72,"duration_avg":"18:07:00","wins":14,"draws":0,"losses":3,"winrate":0.8235294117647058,"cagr":-0.034658949892859336,"expectancy":-0.4248142076470589,"expectancy_ratio":-0.07838673612535663,"sortino":-0.4092546990840393,"sharpe":-0.6150298844251643,"calmar":-12.683449405585288,"sqn":-0.5681,"profit_factor":0.5558084952896458,"max_drawdown_account":0.014504265550000013,"max_drawdown_abs":14.50426555},{"key":"TOTAL","trades":17,"profit_mean":-0.0010860157515769566,"profit_mean_pct":-0.11,"profit_sum":-0.01846226777680826,"profit_sum_pct":-1.85,"profit_total_abs":-7.22184153,"profit_total":-0.00722184153,"profit_total_pct":-0.72,"duration_avg":"18:07:00","wins":14,"draws":0,"losses":3,"winrate":0.8235294117647058,"cagr":-0.034658949892859336,"expectancy":-0.4248142076470589,"expectancy_ratio":-0.07838673612535663,"sortino":-0.4092546990840393,"sharpe":-0.6150298844251643,"calmar":-12.683449405585288,"sqn":-0.5681,"profit_factor":0.5558084952896458,"max_drawdown_account":0.014504265550000013,"max_drawdown_abs":14.50426555}],"exit_reason_summary":[{"key":"roi","trades":14,"profit_mean":0.009956370339220243,"profit_mean_pct":1.0,"profit_sum":0.1393891847490834,"profit_sum_pct":13.94,"profit_total_abs":9.0365548,"profit_total":0.009036554799999999,"profit_total_pct":0.9,"duration_avg":"8:39:00","wins":14,"draws":0,"losses":0,"winrate":1.0,"cagr":0.04475288596150051,"expectancy":0.6454681999999999,"expectancy_ratio":100.0,"sortino":-100,"sharpe":11.089309606476991,"calmar":-100,"sqn":11.2115,"profit_factor":0.0,"max_drawdown_account":0.0,"max_drawdown_abs":0.0},{"key":"exit_signal","trades":1,"profit_mean":-0.0010077119797872326,"profit_mean_pct":-0.1,"profit_sum":-0.0010077119797872326,"profit_sum_pct":-0.1,"profit_total_abs":-0.05157024,"profit_total":-5.1570240000000006e-05,"profit_total_pct":-0.01,"duration_avg":"4 days, 4:00:00","wins":0,"draws":0,"losses":1,"winrate":0.0,"cagr":-0.00025095014639053836,"expectancy":-0.05157024,"expectancy_ratio":-1.0,"sortino":-100,"sharpe":-100,"calmar":-25.47329756603415,"sqn":-100.0,"profit_factor":0.0,"max_drawdown_account":5.1570240000046396e-05,"max_drawdown_abs":0.05157024},{"key":"stop_loss","trades":2,"profit_mean":-0.07842187027305222,"profit_mean_pct":-7.84,"profit_sum":-0.15684374054610445,"profit_sum_pct":-15.68,"profit_total_abs":-16.20682609,"profit_total":-0.01620682609,"profit_total_pct":-1.62,"duration_avg":"1 day, 19:30:00","wins":0,"draws":0,"losses":2,"winrate":0.0,"cagr":-0.0764398541172373,"expectancy":-8.103413045,"expectancy_ratio":-1.0,"sortino":-1.399809970028592,"sharpe":-1.399809970028592,"calmar":-25.47329756605699,"sqn":-2.7476,"profit_factor":0.0,"max_drawdown_account":0.01620682609000005,"max_drawdown_abs":16.20682609},{"key":"TOTAL","trades":17,"profit_mean":-0.0010860157515769566,"profit_mean_pct":-0.11,"profit_sum":-0.01846226777680826,"profit_sum_pct":-1.85,"profit_total_abs":-7.22184153,"profit_total":-0.00722184153,"profit_total_pct":-0.72,"duration_avg":"18:07:00","wins":14,"draws":0,"losses":3,"winrate":0.8235294117647058,"cagr":-0.034658949892859336,"expectancy":-0.4248142076470589,"expectancy_ratio":-0.07838673612535663,"sortino":-0.4092546990840393,"sharpe":-0.6150298844251643,"calmar":-12.683449405585288,"sqn":-0.5681,"profit_factor":0.5558084952896458,"max_drawdown_account":0.014504265550000013,"max_drawdown_abs":14.50426555}],"mix_tag_stats":[{"key":["","roi"],"trades":14,"profit_mean":0.009956370339220243,"profit_mean_pct":1.0,"profit_sum":0.1393891847490834,"profit_sum_pct":13.94,"profit_total_abs":9.0365548,"profit_total":0.009036554799999999,"profit_total_pct":0.9,"duration_avg":"8:39:00","wins":14,"draws":0,"losses":0,"winrate":1.0,"cagr":0.04475288596150051,"expectancy":0.6454681999999999,"expectancy_ratio":100.0,"sortino":-100,"sharpe":11.089309606476991,"calmar":-100,"sqn":11.2115,"profit_factor":0.0,"max_drawdown_account":0.0,"max_drawdown_abs":0.0},{"key":["","exit_signal"],"trades":1,"profit_mean":-0.0010077119797872326,"profit_mean_pct":-0.1,"profit_sum":-0.0010077119797872326,"profit_sum_pct":-0.1,"profit_total_abs":-0.05157024,"profit_total":-5.1570240000000006e-05,"profit_total_pct":-0.01,"duration_avg":"4 days, 4:00:00","wins":0,"draws":0,"losses":1,"winrate":0.0,"cagr":-0.00025095014639053836,"expectancy":-0.05157024,"expectancy_ratio":-1.0,"sortino":-100,"sharpe":-100,"calmar":-25.47329756603415,"sqn":-100.0,"profit_factor":0.0,"max_drawdown_account":5.1570240000046396e-05,"max_drawdown_abs":0.05157024},{"key":["","stop_loss"],"trades":2,"profit_mean":-0.07842187027305222,"profit_mean_pct":-7.84,"profit_sum":-0.15684374054610445,"profit_sum_pct":-15.68,"profit_total_abs":-16.20682609,"profit_total":-0.01620682609,"profit_total_pct":-1.62,"duration_avg":"1 day, 19:30:00","wins":0,"draws":0,"losses":2,"winrate":0.0,"cagr":-0.0764398541172373,"expectancy":-8.103413045,"expectancy_ratio":-1.0,"sortino":-1.399809970028592,"sharpe":-1.399809970028592,"calmar":-25.47329756605699,"sqn":-2.7476,"profit_factor":0.0,"max_drawdown_account":0.01620682609000005,"max_drawdown_abs":16.20682609},{"key":"TOTAL","trades":17,"profit_mean":-0.0010860157515769566,"profit_mean_pct":-0.11,"profit_sum":-0.01846226777680826,"profit_sum_pct":-1.85,"profit_total_abs":-7.22184153,"profit_total":-0.00722184153,"profit_total_pct":-0.72,"duration_avg":"18:07:00","wins":14,"draws":0,"losses":3,"winrate":0.8235294117647058,"cagr":-0.034658949892859336,"expectancy":-0.4248142076470589,"expectancy_ratio":-0.07838673612535663,"sortino":-0.4092546990840393,"sharpe":-0.6150298844251643,"calmar":-12.683449405585288,"sqn":-0.5681,"profit_factor":0.5558084952896458,"max_drawdown_account":0.014504265550000013,"max_drawdown_abs":14.50426555}],"left_open_trades":[{"key":"TOTAL","trades":0,"profit_mean":0.0,"profit_mean_pct":0.0,"profit_sum":0.0,"profit_sum_pct":0.0,"profit_total_abs":0.0,"profit_total":0.0,"profit_total_pct":0.0,"duration_avg":"0:00","wins":0,"draws":0,"losses":0,"winrate":0.0,"cagr":0.0,"expectancy":0.0,"expectancy_ratio":100.0,"sortino":0,"sharpe":0,"calmar":0,"sqn":0.0,"profit_factor":0.0,"max_drawdown_account":0.0,"max_drawdown_abs":0.0}],"total_trades":17,"trade_count_long":17,"trade_count_short":0,"total_volume":2409.86926330584,"avg_stake_amount":71.01657588235294,"profit_mean":-0.0010860157515769566,"profit_median":0.009958098998638462,"profit_total":-0.00722184153,"profit_total_long":-0.00722184153,"profit_total_short":0.0,"profit_total_abs":-7.22184153,"profit_total_long_abs":-7.22184153,"profit_total_short_abs":0.0,"cagr":-0.034658949892859336,"expectancy":-0.4248142076470589,"expectancy_ratio":-0.07838673612535663,"sortino":-0.4092546990840393,"sharpe":-0.6150298844251643,"calmar":-12.683449405585288,"sqn":-0.5681,"profit_factor":0.5558084952896458,"backtest_start":"2025-02-01 00:00:00","backtest_start_ts":1738368000000,"backtest_end":"2025-04-17 08:00:00","backtest_end_ts":1744876800000,"backtest_days":75,"backtest_run_start_ts":1745235708,"backtest_run_end_ts":1745235708,"trades_per_day":0.23,"market_change":-0.20001629236844617,"pairlist":["BTC/USDT:USDT"],"stake_amount":"unlimited","stake_currency":"USDT","stake_currency_decimals":3,"starting_balance":1000,"dry_run_wallet":1000,"final_balance":992.77815847,"rejected_signals":0,"timedout_entry_orders":0,"timedout_exit_orders":0,"canceled_trade_entries":0,"canceled_entry_orders":0,"replaced_entry_orders":0,"max_open_trades":1,"max_open_trades_setting":3,"timeframe":"1h","timeframe_detail":"","timerange":"20250201-","enable_protections":false,"strategy_name":"mini","stoploss":-0.1,"trailing_stop":false,"trailing_stop_positive":null,"trailing_stop_positive_offset":0.0,"trailing_only_offset_is_reached":false,"use_custom_stoploss":false,"minimal_roi":{"60":0.01,"30":0.02,"0":0.04},"use_exit_signal":true,"exit_profit_only":false,"exit_profit_offset":0.0,"ignore_roi_if_entry_signal":false,"trading_mode":"futures","margin_mode":"isolated","periodic_breakdown":{"day":[{"date":"03/02/2025","date_ts":1738540800000,"profit_abs":-4.58891027,"wins":1,"draws":0,"losses":1,"trades":2,"profit_factor":0.10966627},{"date":"04/02/2025","date_ts":1738627200000,"profit_abs":0.0,"wins":0,"draws":0,"losses":0,"trades":0,"profit_factor":0.0},{"date":"05/02/2025","date_ts":1738713600000,"profit_abs":0.0,"wins":0,"draws":0,"losses":0,"trades":0,"profit_factor":0.0},{"date":"06/02/2025","date_ts":1738800000000,"profit_abs":0.0,"wins":0,"draws":0,"losses":0,"trades":0,"profit_factor":0.0},{"date":"07/02/2025","date_ts":1738886400000,"profit_abs":0.0,"wins":0,"draws":0,"losses":0,"trades":0,"profit_factor":0.0},{"date":"08/02/2025","date_ts":1738972800000,"profit_abs":0.0,"wins":0,"draws":0,"losses":0,"trades":0,"profit_factor":0.0},{"date":"09/02/2025","date_ts":1739059200000,"profit_abs":0.0,"wins":0,"draws":0,"losses":0,"trades":0,"profit_factor":0.0},{"date":"10/02/2025","date_ts":1739145600000,"profit_abs":0.0,"wins":0,"draws":0,"losses":0,"trades":0,"profit_factor":0.0},{"date":"11/02/2025","date_ts":1739232000000,"profit_abs":0.0,"wins":0,"draws":0,"losses":0,"trades":0,"profit_factor":0.0},{"date":"12/02/2025","date_ts":1739318400000,"profit_abs":0.57245616,"wins":1,"draws":0,"losses":0,"trades":1,"profit_factor":0.0},{"date":"13/02/2025","date_ts":1739404800000,"profit_abs":0.0,"wins":0,"draws":0,"losses":0,"trades":0,"profit_factor":0.0},{"date":"14/02/2025","date_ts":1739491200000,"profit_abs":0.0,"wins":0,"draws":0,"losses":0,"trades":0,"profit_factor":0.0},{"date":"15/02/2025","date_ts":1739577600000,"profit_abs":0.0,"wins":0,"draws":0,"losses":0,"trades":0,"profit_factor":0.0},{"date":"16/02/2025","date_ts":1739664000000,"profit_abs":0.0,"wins":0,"draws":0,"losses":0,"trades":0,"profit_factor":0.0},{"date":"17/02/2025","date_ts":1739750400000,"profit_abs":0.0,"wins":0,"draws":0,"losses":0,"trades":0,"profit_factor":0.0},{"date":"18/02/2025","date_ts":1739836800000,"profit_abs":0.0,"wins":0,"draws":0,"losses":0,"trades":0,"profit_factor":0.0},{"date":"19/02/2025","date_ts":1739923200000,"profit_abs":0.0,"wins":0,"draws":0,"losses":0,"trades":0,"profit_factor":0.0},{"date":"20/02/2025","date_ts":1740009600000,"profit_abs":0.0,"wins":0,"draws":0,"losses":0,"trades":0,"profit_factor":0.0},{"date":"21/02/2025","date_ts":1740096000000,"profit_abs":0.0,"wins":0,"draws":0,"losses":0,"trades":0,"profit_factor":0.0},{"date":"22/02/2025","date_ts":1740182400000,"profit_abs":0.56486838,"wins":1,"draws":0,"losses":0,"trades":1,"profit_factor":0.0},{"date":"23/02/2025","date_ts":1740268800000,"profit_abs":0.0,"wins":0,"draws":0,"losses":0,"trades":0,"profit_factor":0.0},{"date":"24/02/2025","date_ts":1740355200000,"profit_abs":0.0,"wins":0,"draws":0,"losses":0,"trades":0,"profit_factor":0.0},{"date":"25/02/2025","date_ts":1740441600000,"profit_abs":0.0,"wins":0,"draws":0,"losses":0,"trades":0,"profit_factor":0.0},{"date":"26/02/2025","date_ts":1740528000000,"profit_abs":-11.05267982,"wins":0,"draws":0,"losses":1,"trades":1,"profit_factor":0.0},{"date":"27/02/2025","date_ts":1740614400000,"profit_abs":0.5083944,"wins":1,"draws":0,"losses":0,"trades":1,"profit_factor":0.0},{"date":"28/02/2025","date_ts":1740700800000,"profit_abs":0.5623863,"wins":1,"draws":0,"losses":0,"trades":1,"profit_factor":0.0},{"date":"01/03/2025","date_ts":1740787200000,"profit_abs":0.0,"wins":0,"draws":0,"losses":0,"trades":0,"profit_factor":0.0},{"date":"02/03/2025","date_ts":1740873600000,"profit_abs":0.0,"wins":0,"draws":0,"losses":0,"trades":0,"profit_factor":0.0},{"date":"03/03/2025","date_ts":1740960000000,"profit_abs":0.0,"wins":0,"draws":0,"losses":0,"trades":0,"profit_factor":0.0},{"date":"04/03/2025","date_ts":1741046400000,"profit_abs":0.5852864,"wins":1,"draws":0,"losses":0,"trades":1,"profit_factor":0.0},{"date":"05/03/2025","date_ts":1741132800000,"profit_abs":0.0,"wins":0,"draws":0,"losses":0,"trades":0,"profit_factor":0.0},{"date":"06/03/2025","date_ts":1741219200000,"profit_abs":0.0,"wins":0,"draws":0,"losses":0,"trades":0,"profit_factor":0.0},{"date":"07/03/2025","date_ts":1741305600000,"profit_abs":0.0,"wins":0,"draws":0,"losses":0,"trades":0,"profit_factor":0.0},{"date":"08/03/2025","date_ts":1741392000000,"profit_abs":0.0,"wins":0,"draws":0,"losses":0,"trades":0,"profit_factor":0.0},{"date":"09/03/2025","date_ts":1741478400000,"profit_abs":0.0,"wins":0,"draws":0,"losses":0,"trades":0,"profit_factor":0.0},{"date":"10/03/2025","date_ts":1741564800000,"profit_abs":1.07012555,"wins":1,"draws":0,"losses":0,"trades":1,"profit_factor":0.0},{"date":"11/03/2025","date_ts":1741651200000,"profit_abs":0.55168732,"wins":1,"draws":0,"losses":0,"trades":1,"profit_factor":0.0},{"date":"12/03/2025","date_ts":1741737600000,"profit_abs":0.0,"wins":0,"draws":0,"losses":0,"trades":0,"profit_factor":0.0},{"date":"13/03/2025","date_ts":1741824000000,"profit_abs":0.0,"wins":0,"draws":0,"losses":0,"trades":0,"profit_factor":0.0},{"date":"14/03/2025","date_ts":1741910400000,"profit_abs":0.56239649,"wins":1,"draws":0,"losses":0,"trades":1,"profit_factor":0.0},{"date":"15/03/2025","date_ts":1741996800000,"profit_abs":0.0,"wins":0,"draws":0,"losses":0,"trades":0,"profit_factor":0.0},{"date":"16/03/2025","date_ts":1742083200000,"profit_abs":0.57832721,"wins":1,"draws":0,"losses":0,"trades":1,"profit_factor":0.0},{"date":"17/03/2025","date_ts":1742169600000,"profit_abs":0.0,"wins":0,"draws":0,"losses":0,"trades":0,"profit_factor":0.0},{"date":"18/03/2025","date_ts":1742256000000,"profit_abs":0.57230139,"wins":1,"draws":0,"losses":0,"trades":1,"profit_factor":0.0},{"date":"19/03/2025","date_ts":1742342400000,"profit_abs":0.0,"wins":0,"draws":0,"losses":0,"trades":0,"profit_factor":0.0},{"date":"20/03/2025","date_ts":1742428800000,"profit_abs":0.0,"wins":0,"draws":0,"losses":0,"trades":0,"profit_factor":0.0},{"date":"21/03/2025","date_ts":1742515200000,"profit_abs":0.0,"wins":0,"draws":0,"losses":0,"trades":0,"profit_factor":0.0},{"date":"22/03/2025","date_ts":1742601600000,"profit_abs":0.0,"wins":0,"draws":0,"losses":0,"trades":0,"profit_factor":0.0},{"date":"23/03/2025","date_ts":1742688000000,"profit_abs":0.0,"wins":0,"draws":0,"losses":0,"trades":0,"profit_factor":0.0},{"date":"24/03/2025","date_ts":1742774400000,"profit_abs":0.0,"wins":0,"draws":0,"losses":0,"trades":0,"profit_factor":0.0},{"date":"25/03/2025","date_ts":1742860800000,"profit_abs":0.0,"wins":0,"draws":0,"losses":0,"trades":0,"profit_factor":0.0},{"date":"26/03/2025","date_ts":1742947200000,"profit_abs":0.0,"wins":0,"draws":0,"losses":0,"trades":0,"profit_factor":0.0},{"date":"27/03/2025","date_ts":1743033600000,"profit_abs":0.0,"wins":0,"draws":0,"losses":0,"trades":0,"profit_factor":0.0},{"date":"28/03/2025","date_ts":1743120000000,"profit_abs":0.0,"wins":0,"draws":0,"losses":0,"trades":0,"profit_factor":0.0},{"date":"29/03/2025","date_ts":1743206400000,"profit_abs":0.0,"wins":0,"draws":0,"losses":0,"trades":0,"profit_factor":0.0},{"date":"30/03/2025","date_ts":1743292800000,"profit_abs":0.0,"wins":0,"draws":0,"losses":0,"trades":0,"profit_factor":0.0},{"date":"31/03/2025","date_ts":1743379200000,"profit_abs":0.0,"wins":0,"draws":0,"losses":0,"trades":0,"profit_factor":0.0},{"date":"01/04/2025","date_ts":1743465600000,"profit_abs":-0.05157024,"wins":0,"draws":0,"losses":1,"trades":1,"profit_factor":0.0},{"date":"02/04/2025","date_ts":1743552000000,"profit_abs":0.0,"wins":0,"draws":0,"losses":0,"trades":0,"profit_factor":0.0},{"date":"03/04/2025","date_ts":1743638400000,"profit_abs":0.0,"wins":0,"draws":0,"losses":0,"trades":0,"profit_factor":0.0},{"date":"04/04/2025","date_ts":1743724800000,"profit_abs":0.0,"wins":0,"draws":0,"losses":0,"trades":0,"profit_factor":0.0},{"date":"05/04/2025","date_ts":1743811200000,"profit_abs":0.0,"wins":0,"draws":0,"losses":0,"trades":0,"profit_factor":0.0},{"date":"06/04/2025","date_ts":1743897600000,"profit_abs":0.0,"wins":0,"draws":0,"losses":0,"trades":0,"profit_factor":0.0},{"date":"07/04/2025","date_ts":1743984000000,"profit_abs":1.22329784,"wins":1,"draws":0,"losses":0,"trades":1,"profit_factor":0.0},{"date":"08/04/2025","date_ts":1744070400000,"profit_abs":0.0,"wins":0,"draws":0,"losses":0,"trades":0,"profit_factor":0.0},{"date":"09/04/2025","date_ts":1744156800000,"profit_abs":0.5349393,"wins":1,"draws":0,"losses":0,"trades":1,"profit_factor":0.0},{"date":"10/04/2025","date_ts":1744243200000,"profit_abs":0.0,"wins":0,"draws":0,"losses":0,"trades":0,"profit_factor":0.0},{"date":"11/04/2025","date_ts":1744329600000,"profit_abs":0.0,"wins":0,"draws":0,"losses":0,"trades":0,"profit_factor":0.0},{"date":"12/04/2025","date_ts":1744416000000,"profit_abs":0.0,"wins":0,"draws":0,"losses":0,"trades":0,"profit_factor":0.0},{"date":"13/04/2025","date_ts":1744502400000,"profit_abs":0.0,"wins":0,"draws":0,"losses":0,"trades":0,"profit_factor":0.0},{"date":"14/04/2025","date_ts":1744588800000,"profit_abs":0.0,"wins":0,"draws":0,"losses":0,"trades":0,"profit_factor":0.0},{"date":"15/04/2025","date_ts":1744675200000,"profit_abs":0.0,"wins":0,"draws":0,"losses":0,"trades":0,"profit_factor":0.0},{"date":"16/04/2025","date_ts":1744761600000,"profit_abs":0.58485206,"wins":1,"draws":0,"losses":0,"trades":1,"profit_factor":0.0}],"week":[{"date":"03/02/2025","date_ts":1738540800000,"profit_abs":-4.58891027,"wins":1,"draws":0,"losses":1,"trades":2,"profit_factor":0.10966627},{"date":"10/02/2025","date_ts":1739145600000,"profit_abs":0.0,"wins":0,"draws":0,"losses":0,"trades":0,"profit_factor":0.0},{"date":"17/02/2025","date_ts":1739750400000,"profit_abs":0.57245616,"wins":1,"draws":0,"losses":0,"trades":1,"profit_factor":0.0},{"date":"24/02/2025","date_ts":1740355200000,"profit_abs":0.56486838,"wins":1,"draws":0,"losses":0,"trades":1,"profit_factor":0.0},{"date":"03/03/2025","date_ts":1740960000000,"profit_abs":-9.98189912,"wins":2,"draws":0,"losses":1,"trades":3,"profit_factor":0.09687974},{"date":"10/03/2025","date_ts":1741564800000,"profit_abs":1.65541195,"wins":2,"draws":0,"losses":0,"trades":2,"profit_factor":0.0},{"date":"17/03/2025","date_ts":1742169600000,"profit_abs":1.69241102,"wins":3,"draws":0,"losses":0,"trades":3,"profit_factor":0.0},{"date":"24/03/2025","date_ts":1742774400000,"profit_abs":0.57230139,"wins":1,"draws":0,"losses":0,"trades":1,"profit_factor":0.0},{"date":"31/03/2025","date_ts":1743379200000,"profit_abs":0.0,"wins":0,"draws":0,"losses":0,"trades":0,"profit_factor":0.0},{"date":"07/04/2025","date_ts":1743984000000,"profit_abs":1.1717276,"wins":1,"draws":0,"losses":1,"trades":2,"profit_factor":23.72100343},{"date":"14/04/2025","date_ts":1744588800000,"profit_abs":0.5349393,"wins":1,"draws":0,"losses":0,"trades":1,"profit_factor":0.0},{"date":"21/04/2025","date_ts":1745193600000,"profit_abs":0.58485206,"wins":1,"draws":0,"losses":0,"trades":1,"profit_factor":0.0}],"month":[{"date":"28/02/2025","date_ts":1740700800000,"profit_abs":-13.43348485,"wins":5,"draws":0,"losses":2,"trades":7,"profit_factor":0.1711218},{"date":"31/03/2025","date_ts":1743379200000,"profit_abs":3.92012436,"wins":6,"draws":0,"losses":0,"trades":6,"profit_factor":0.0},{"date":"30/04/2025","date_ts":1745971200000,"profit_abs":2.29151896,"wins":3,"draws":0,"losses":1,"trades":4,"profit_factor":45.43490975}],"year":[{"date":"31/12/2025","date_ts":1767139200000,"profit_abs":-7.22184153,"wins":14,"draws":0,"losses":3,"trades":17,"profit_factor":0.5558085}]},"backtest_best_day":0.009995002498750625,"backtest_worst_day":-0.09098737379894524,"backtest_best_day_abs":1.22329784,"backtest_worst_day_abs":-11.05267982,"winning_days":13,"draw_days":57,"losing_days":3,"daily_profit":[["2025-02-03",-4.58891027],["2025-02-04",0.0],["2025-02-05",0.0],["2025-02-06",0.0],["2025-02-07",0.0],["2025-02-08",0.0],["2025-02-09",0.0],["2025-02-10",0.0],["2025-02-11",0.0],["2025-02-12",0.57245616],["2025-02-13",0.0],["2025-02-14",0.0],["2025-02-15",0.0],["2025-02-16",0.0],["2025-02-17",0.0],["2025-02-18",0.0],["2025-02-19",0.0],["2025-02-20",0.0],["2025-02-21",0.0],["2025-02-22",0.56486838],["2025-02-23",0.0],["2025-02-24",0.0],["2025-02-25",0.0],["2025-02-26",-11.05267982],["2025-02-27",0.5083944],["2025-02-28",0.5623863],["2025-03-01",0.0],["2025-03-02",0.0],["2025-03-03",0.0],["2025-03-04",0.5852864],["2025-03-05",0.0],["2025-03-06",0.0],["2025-03-07",0.0],["2025-03-08",0.0],["2025-03-09",0.0],["2025-03-10",1.07012555],["2025-03-11",0.55168732],["2025-03-12",0.0],["2025-03-13",0.0],["2025-03-14",0.56239649],["2025-03-15",0.0],["2025-03-16",0.57832721],["2025-03-17",0.0],["2025-03-18",0.57230139],["2025-03-19",0.0],["2025-03-20",0.0],["2025-03-21",0.0],["2025-03-22",0.0],["2025-03-23",0.0],["2025-03-24",0.0],["2025-03-25",0.0],["2025-03-26",0.0],["2025-03-27",0.0],["2025-03-28",0.0],["2025-03-29",0.0],["2025-03-30",0.0],["2025-03-31",0.0],["2025-04-01",-0.05157024],["2025-04-02",0.0],["2025-04-03",0.0],["2025-04-04",0.0],["2025-04-05",0.0],["2025-04-06",0.0],["2025-04-07",1.22329784],["2025-04-08",0.0],["2025-04-09",0.5349393],["2025-04-10",0.0],["2025-04-11",0.0],["2025-04-12",0.0],["2025-04-13",0.0],["2025-04-14",0.0],["2025-04-15",0.0],["2025-04-16",0.58485206]],"wins":14,"losses":3,"draws":0,"winrate":0.8235294117647058,"holding_avg":"18:07:00","holding_avg_s":65220.0,"winner_holding_avg":"8:39:00","winner_holding_avg_s":31140.0,"loser_holding_avg":"2 days, 14:20:00","loser_holding_avg_s":224400.0,"max_consecutive_wins":8,"max_consecutive_losses":1,"max_drawdown_account":0.014504265550000013,"max_relative_drawdown":0.014504265550000013,"max_drawdown_abs":14.50426555,"drawdown_start":"2025-02-03 02:00:00","drawdown_start_ts":1738548000000.0,"drawdown_end":"2025-02-26 18:00:00","drawdown_end_ts":1740592800000.0,"max_drawdown_low":-14.50426555,"max_drawdown_high":-5.15414627,"csum_min":985.49573445,"csum_max":996.54841427}},"strategy_comparison":[{"key":"mini","trades":17,"profit_mean":-0.0010860157515769566,"profit_mean_pct":-0.11,"profit_sum":-0.01846226777680826,"profit_sum_pct":-1.85,"profit_total_abs":-7.22184153,"profit_total":-0.00722184153,"profit_total_pct":-0.72,"duration_avg":"18:07:00","wins":14,"draws":0,"losses":3,"winrate":0.8235294117647058,"cagr":-0.034658949892859336,"expectancy":-0.4248142076470589,"expectancy_ratio":-0.07838673612535663,"sortino":-0.4092546990840393,"sharpe":-0.6150298844251643,"calmar":-12.683449405585288,"sqn":-0.5681,"profit_factor":0.5558084952896458,"max_drawdown_account":0.014504265550000013,"max_drawdown_abs":"14.504"}]}