{"strategy":{"DynamicGridV3PlotStrategy":{"trades":[{"pair":"BTC/USDT:USDT","stake_amount":323.02608,"max_stake_amount":323.02608,"amount":0.0039,"open_date":"2025-04-02 23:00:00+00:00","close_date":"2025-04-03 01:00:00+00:00","open_rate":82827.2,"close_rate":83738.75497748873,"fee_open":0.0005,"fee_close":0.0005,"trade_duration":120,"profit_ratio":0.00991340348143706,"profit_abs":3.20388901,"exit_reason":"roi","initial_stop_loss_abs":74544.5,"initial_stop_loss_ratio":-0.1,"stop_loss_abs":74544.5,"stop_loss_ratio":-0.1,"min_rate":82164.1,"max_rate":83933.5,"is_open":false,"enter_tag":"","leverage":1.0,"is_short":false,"open_timestamp":1743634800000,"close_timestamp":1743642000000,"orders":[{"amount":0.0039,"safe_price":82827.2,"ft_order_side":"buy","order_filled_timestamp":1743634800000,"ft_is_entry":true,"ft_order_tag":"","cost":323.18759303999997},{"amount":0.0039,"safe_price":83738.75497748873,"ft_order_side":"sell","order_filled_timestamp":1743642000000,"ft_is_entry":false,"ft_order_tag":"roi","cost":326.7444349844121}]},{"pair":"BTC/USDT:USDT","stake_amount":325.56069,"max_stake_amount":325.56069,"amount":0.0039,"open_date":"2025-04-03 04:00:00+00:00","close_date":"2025-04-04 08:00:00+00:00","open_rate":83477.1,"close_rate":84001.4,"fee_open":0.0005,"fee_close":0.0005,"trade_duration":1680,"profit_ratio":0.005103702408178394,"profit_abs":1.66239566,"exit_reason":"exit_signal","initial_stop_loss_abs":75129.4,"initial_stop_loss_ratio":-0.1,"stop_loss_abs":75129.4,"stop_loss_ratio":-0.1,"min_rate":81168.2,"max_rate":84665.0,"is_open":false,"enter_tag":"","leverage":1.0,"is_short":false,"open_timestamp":1743652800000,"close_timestamp":1743753600000,"orders":[{"amount":0.0039,"safe_price":83477.1,"ft_order_side":"buy","order_filled_timestamp":1743652800000,"ft_is_entry":true,"ft_order_tag":"","cost":325.723470345},{"amount":0.0039,"safe_price":84001.4,"ft_order_side":"sell","order_filled_timestamp":1743753600000,"ft_is_entry":false,"ft_order_tag":"exit_signal","cost":327.7692627299999}]},{"pair":"BTC/USDT:USDT","stake_amount":331.0428,"max_stake_amount":331.0428,"amount":0.004,"open_date":"2025-04-05 14:00:00+00:00","close_date":"2025-04-05 23:00:00+00:00","open_rate":82760.7,"close_rate":83671.52311155577,"fee_open":0.0005,"fee_close":0.0005,"trade_duration":540,"profit_ratio":0.0098786013472426,"profit_abs":3.27187497,"exit_reason":"roi","initial_stop_loss_abs":74484.7,"initial_stop_loss_ratio":-0.1,"stop_loss_abs":74484.7,"stop_loss_ratio":-0.1,"min_rate":82376.1,"max_rate":83685.7,"is_open":false,"enter_tag":"","leverage":1.0,"is_short":false,"open_timestamp":1743861600000,"close_timestamp":1743894000000,"orders":[{"amount":0.004,"safe_price":82760.7,"ft_order_side":"buy","order_filled_timestamp":1743861600000,"ft_is_entry":true,"ft_order_tag":"","cost":331.2083214},{"amount":0.004,"safe_price":83671.52311155577,"ft_order_side":"sell","order_filled_timestamp":1743894000000,"ft_is_entry":false,"ft_order_tag":"roi","cost":334.8534354924462}]},{"pair":"BTC/USDT:USDT","stake_amount":330.822,"max_stake_amount":330.822,"amount":0.004,"open_date":"2025-04-06 13:00:00+00:00","close_date":"2025-04-07 23:00:00+00:00","open_rate":82705.5,"close_rate":79950.0,"fee_open":0.0005,"fee_close":0.0005,"trade_duration":2040,"profit_ratio":-0.03438744647602322,"profit_abs":-11.38181188,"exit_reason":"exit_signal","initial_stop_loss_abs":74435.0,"initial_stop_loss_ratio":-0.1,"stop_loss_abs":74435.0,"stop_loss_ratio":-0.1,"min_rate":74505.2,"max_rate":82844.2,"is_open":false,"enter_tag":"","leverage":1.0,"is_short":false,"open_timestamp":1743944400000,"close_timestamp":1744066800000,"orders":[{"amount":0.004,"safe_price":82705.5,"ft_order_side":"buy","order_filled_timestamp":1743944400000,"ft_is_entry":true,"ft_order_tag":"","cost":330.987411},{"amount":0.004,"safe_price":79950.0,"ft_order_side":"sell","order_filled_timestamp":1744066800000,"ft_is_entry":false,"ft_order_tag":"exit_signal","cost":319.9599}]},{"pair":"BTC/USDT:USDT","stake_amount":325.17156,"max_stake_amount":325.17156,"amount":0.0042,"open_date":"2025-04-08 17:00:00+00:00","close_date":"2025-04-09 14:00:00+00:00","open_rate":77421.8,"close_rate":78273.86583291645,"fee_open":0.0005,"fee_close":0.0005,"trade_duration":1260,"profit_ratio":0.009914399154957341,"profit_abs":3.22549258,"exit_reason":"roi","initial_stop_loss_abs":69679.7,"initial_stop_loss_ratio":-0.1,"stop_loss_abs":69679.7,"stop_loss_ratio":-0.1,"min_rate":74612.2,"max_rate":78332.6,"is_open":false,"enter_tag":"","leverage":1.0,"is_short":false,"open_timestamp":1744131600000,"close_timestamp":1744207200000,"orders":[{"amount":0.0042,"safe_price":77421.8,"ft_order_side":"buy","order_filled_timestamp":1744131600000,"ft_is_entry":true,"ft_order_tag":"","cost":325.33414578},{"amount":0.0042,"safe_price":78273.86583291645,"ft_order_side":"sell","order_filled_timestamp":1744207200000,"ft_is_entry":false,"ft_order_tag":"roi","cost":328.9146116164982}]},{"pair":"BTC/USDT:USDT","stake_amount":322.9488,"max_stake_amount":322.9488,"amount":0.0041,"open_date":"2025-04-10 16:00:00+00:00","close_date":"2025-04-10 17:00:00+00:00","open_rate":78768.0,"close_rate":79634.88144072035,"fee_open":0.0005,"fee_close":0.0005,"trade_duration":60,"profit_ratio":0.00993512715112844,"profit_abs":3.21014166,"exit_reason":"roi","initial_stop_loss_abs":70891.2,"initial_stop_loss_ratio":-0.1,"stop_loss_abs":70891.2,"stop_loss_ratio":-0.1,"min_rate":78460.8,"max_rate":79697.5,"is_open":false,"enter_tag":"","leverage":1.0,"is_short":false,"open_timestamp":1744300800000,"close_timestamp":1744304400000,"orders":[{"amount":0.0041,"safe_price":78768.0,"ft_order_side":"buy","order_filled_timestamp":1744300800000,"ft_is_entry":true,"ft_order_tag":"","cost":323.1102744},{"amount":0.0041,"safe_price":79634.88144072035,"ft_order_side":"sell","order_filled_timestamp":1744304400000,"ft_is_entry":false,"ft_order_tag":"roi","cost":326.66626541390696}]},{"pair":"BTC/USDT:USDT","stake_amount":324.105,"max_stake_amount":324.105,"amount":0.0041,"open_date":"2025-04-11 01:00:00+00:00","close_date":"2025-04-11 02:00:00+00:00","open_rate":79050.0,"close_rate":80448.6,"fee_open":0.0005,"fee_close":0.0005,"trade_duration":60,"profit_ratio":0.016675415612876675,"profit_abs":5.40728787,"exit_reason":"roi","initial_stop_loss_abs":71145.0,"initial_stop_loss_ratio":-0.1,"stop_loss_abs":71145.0,"stop_loss_ratio":-0.1,"min_rate":79020.4,"max_rate":80841.9,"is_open":false,"enter_tag":"","leverage":1.0,"is_short":false,"open_timestamp":1744333200000,"close_timestamp":1744336800000,"orders":[{"amount":0.0041,"safe_price":79050.0,"ft_order_side":"buy","order_filled_timestamp":1744333200000,"ft_is_entry":true,"ft_order_tag":"","cost":324.2670525},{"amount":0.0041,"safe_price":80448.6,"ft_order_side":"sell","order_filled_timestamp":1744336800000,"ft_is_entry":false,"ft_order_tag":"roi","cost":330.00417963}]},{"pair":"BTC/USDT:USDT","stake_amount":326.02401,"max_stake_amount":326.02401,"amount":0.0039,"open_date":"2025-04-13 14:00:00+00:00","close_date":"2025-04-13 17:00:00+00:00","open_rate":83595.9,"close_rate":84515.91490745371,"fee_open":0.0005,"fee_close":0.0005,"trade_duration":180,"profit_ratio":0.010013821917016462,"profit_abs":3.26637875,"exit_reason":"roi","initial_stop_loss_abs":75236.4,"initial_stop_loss_ratio":-0.1,"stop_loss_abs":75236.4,"stop_loss_ratio":-0.1,"min_rate":83460.0,"max_rate":85062.6,"is_open":false,"enter_tag":"","leverage":1.0,"is_short":false,"open_timestamp":1744552800000,"close_timestamp":1744563600000,"orders":[{"amount":0.0039,"safe_price":83595.9,"ft_order_side":"buy","order_filled_timestamp":1744552800000,"ft_is_entry":true,"ft_order_tag":"","cost":326.18702200499996},{"amount":0.0039,"safe_price":84515.91490745371,"ft_order_side":"sell","order_filled_timestamp":1744563600000,"ft_is_entry":false,"ft_order_tag":"roi","cost":329.776874173139}]},{"pair":"BTC/USDT:USDT","stake_amount":325.68744,"max_stake_amount":325.68744,"amount":0.0039,"open_date":"2025-04-13 21:00:00+00:00","close_date":"2025-04-14 00:00:00+00:00","open_rate":83509.6,"close_rate":84428.66513256628,"fee_open":0.0005,"fee_close":0.0005,"trade_duration":180,"profit_ratio":0.00992879562069083,"profit_abs":3.23530087,"exit_reason":"roi","initial_stop_loss_abs":75158.7,"initial_stop_loss_ratio":-0.1,"stop_loss_abs":75158.7,"stop_loss_ratio":-0.1,"min_rate":83040.5,"max_rate":85190.4,"is_open":false,"enter_tag":"","leverage":1.0,"is_short":false,"open_timestamp":1744578000000,"close_timestamp":1744588800000,"orders":[{"amount":0.0039,"safe_price":83509.6,"ft_order_side":"buy","order_filled_timestamp":1744578000000,"ft_is_entry":true,"ft_order_tag":"","cost":325.85028371999994},{"amount":0.0039,"safe_price":84428.66513256628,"ft_order_side":"sell","order_filled_timestamp":1744588800000,"ft_is_entry":false,"ft_order_tag":"roi","cost":329.43642991401697}]},{"pair":"BTC/USDT:USDT","stake_amount":329.46342,"max_stake_amount":329.46342,"amount":0.0039,"open_date":"2025-04-15 18:00:00+00:00","close_date":"2025-04-16 15:00:00+00:00","open_rate":84477.8,"close_rate":84606.0,"fee_open":0.0005,"fee_close":0.0005,"trade_duration":1260,"profit_ratio":0.0005275173224675907,"profit_abs":0.17388456,"exit_reason":"exit_signal","initial_stop_loss_abs":76030.1,"initial_stop_loss_ratio":-0.1,"stop_loss_abs":76030.1,"stop_loss_ratio":-0.1,"min_rate":83101.4,"max_rate":85286.1,"is_open":false,"enter_tag":"","leverage":1.0,"is_short":false,"open_timestamp":1744740000000,"close_timestamp":1744815600000,"orders":[{"amount":0.0039,"safe_price":84477.8,"ft_order_side":"buy","order_filled_timestamp":1744740000000,"ft_is_entry":true,"ft_order_tag":"","cost":329.62815170999994},{"amount":0.0039,"safe_price":84606.0,"ft_order_side":"sell","order_filled_timestamp":1744815600000,"ft_is_entry":false,"ft_order_tag":"exit_signal","cost":330.1283817}]},{"pair":"BTC/USDT:USDT","stake_amount":333.1496,"max_stake_amount":333.1496,"amount":0.004,"open_date":"2025-04-16 18:00:00+00:00","close_date":"2025-04-16 19:00:00+00:00","open_rate":83287.4,"close_rate":84204.01970985491,"fee_open":0.0005,"fee_close":0.0005,"trade_duration":60,"profit_ratio":0.009995002498750625,"profit_abs":3.331496,"exit_reason":"roi","initial_stop_loss_abs":74958.7,"initial_stop_loss_ratio":-0.1,"stop_loss_abs":74958.7,"stop_loss_ratio":-0.1,"min_rate":83279.2,"max_rate":84490.5,"is_open":false,"enter_tag":"","leverage":1.0,"is_short":false,"open_timestamp":1744826400000,"close_timestamp":1744830000000,"orders":[{"amount":0.004,"safe_price":83287.4,"ft_order_side":"buy","order_filled_timestamp":1744826400000,"ft_is_entry":true,"ft_order_tag":"","cost":333.31617479999994},{"amount":0.004,"safe_price":84204.01970985491,"ft_order_side":"sell","order_filled_timestamp":1744830000000,"ft_is_entry":false,"ft_order_tag":"roi","cost":336.9844868788394}]}],"locks":[],"best_pair":{"key":"BTC/USDT:USDT","trades":11,"profit_mean":0.005227121821702072,"profit_mean_pct":0.52,"profit_sum":0.0574983400387228,"profit_sum_pct":5.75,"profit_total_abs":18.60633005,"profit_total":0.01860633005,"profit_total_pct":1.86,"duration_avg":"11:16:00","wins":10,"draws":0,"losses":1,"winrate":0.9090909090909091,"cagr":0.4855986270634658,"expectancy":1.6914845500000002,"expectancy_ratio":0.14861294210742138,"sortino":-100,"sharpe":4.855323500037589,"calmar":185.21104487948418,"sqn":1.242,"profit_factor":2.6347423631816342,"max_drawdown_account":0.011289932606126488,"max_drawdown_abs":11.38181188},"worst_pair":{"key":"BTC/USDT:USDT","trades":11,"profit_mean":0.005227121821702072,"profit_mean_pct":0.52,"profit_sum":0.0574983400387228,"profit_sum_pct":5.75,"profit_total_abs":18.60633005,"profit_total":0.01860633005,"profit_total_pct":1.86,"duration_avg":"11:16:00","wins":10,"draws":0,"losses":1,"winrate":0.9090909090909091,"cagr":0.4855986270634658,"expectancy":1.6914845500000002,"expectancy_ratio":0.14861294210742138,"sortino":-100,"sharpe":4.855323500037589,"calmar":185.21104487948418,"sqn":1.242,"profit_factor":2.6347423631816342,"max_drawdown_account":0.011289932606126488,"max_drawdown_abs":11.38181188},"results_per_pair":[{"key":"BTC/USDT:USDT","trades":11,"profit_mean":0.005227121821702072,"profit_mean_pct":0.52,"profit_sum":0.0574983400387228,"profit_sum_pct":5.75,"profit_total_abs":18.60633005,"profit_total":0.01860633005,"profit_total_pct":1.86,"duration_avg":"11:16:00","wins":10,"draws":0,"losses":1,"winrate":0.9090909090909091,"cagr":0.4855986270634658,"expectancy":1.6914845500000002,"expectancy_ratio":0.14861294210742138,"sortino":-100,"sharpe":4.855323500037589,"calmar":185.21104487948418,"sqn":1.242,"profit_factor":2.6347423631816342,"max_drawdown_account":0.011289932606126488,"max_drawdown_abs":11.38181188},{"key":"TOTAL","trades":11,"profit_mean":0.005227121821702072,"profit_mean_pct":0.52,"profit_sum":0.0574983400387228,"profit_sum_pct":5.75,"profit_total_abs":18.60633005,"profit_total":0.01860633005,"profit_total_pct":1.86,"duration_avg":"11:16:00","wins":10,"draws":0,"losses":1,"winrate":0.9090909090909091,"cagr":0.4855986270634658,"expectancy":1.6914845500000002,"expectancy_ratio":0.14861294210742138,"sortino":-100,"sharpe":4.855323500037589,"calmar":185.21104487948418,"sqn":1.242,"profit_factor":2.6347423631816342,"max_drawdown_account":0.011289932606126488,"max_drawdown_abs":11.38181188}],"results_per_enter_tag":[{"key":"","trades":11,"profit_mean":0.005227121821702072,"profit_mean_pct":0.52,"profit_sum":0.0574983400387228,"profit_sum_pct":5.75,"profit_total_abs":18.60633005,"profit_total":0.01860633005,"profit_total_pct":1.86,"duration_avg":"11:16:00","wins":10,"draws":0,"losses":1,"winrate":0.9090909090909091,"cagr":0.4855986270634658,"expectancy":1.6914845500000002,"expectancy_ratio":0.14861294210742138,"sortino":-100,"sharpe":4.855323500037589,"calmar":185.21104487948418,"sqn":1.242,"profit_factor":2.6347423631816342,"max_drawdown_account":0.011289932606126488,"max_drawdown_abs":11.38181188},{"key":"TOTAL","trades":11,"profit_mean":0.005227121821702072,"profit_mean_pct":0.52,"profit_sum":0.0574983400387228,"profit_sum_pct":5.75,"profit_total_abs":18.60633005,"profit_total":0.01860633005,"profit_total_pct":1.86,"duration_avg":"11:16:00","wins":10,"draws":0,"losses":1,"winrate":0.9090909090909091,"cagr":0.4855986270634658,"expectancy":1.6914845500000002,"expectancy_ratio":0.14861294210742138,"sortino":-100,"sharpe":4.855323500037589,"calmar":185.21104487948418,"sqn":1.242,"profit_factor":2.6347423631816342,"max_drawdown_account":0.011289932606126488,"max_drawdown_abs":11.38181188}],"exit_reason_summary":[{"key":"roi","trades":8,"profit_mean":0.010781820848012505,"profit_mean_pct":1.08,"profit_sum":0.08625456678410004,"profit_sum_pct":8.63,"profit_total_abs":28.15186171,"profit_total":0.02815186171,"profit_total_pct":2.82,"duration_avg":"5:08:00","wins":8,"draws":0,"losses":0,"winrate":1.0,"cagr":0.8149998723260465,"expectancy":3.51898271375,"expectancy_ratio":100.0,"sortino":-100,"sharpe":44.2636729685613,"calmar":-100,"sqn":13.0259,"profit_factor":0.0,"max_drawdown_account":0.0,"max_drawdown_abs":0.0},{"key":"exit_signal","trades":3,"profit_mean":-0.009585408915125744,"profit_mean_pct":-0.96,"profit_sum":-0.028756226745377235,"profit_sum_pct":-2.88,"profit_total_abs":-9.545531660000002,"profit_total":-0.009545531660000002,"profit_total_pct":-0.95,"duration_avg":"1 day, 3:40:00","wins":2,"draws":0,"losses":1,"winrate":0.6666666666666666,"cagr":-0.186112085065677,"expectancy":-3.1818438866666665,"expectancy_ratio":-0.27955512885059797,"sortino":-100,"sharpe":-1.8400445720038778,"calmar":-94.40773968061899,"sqn":-0.7718,"profit_factor":0.1613346134482061,"max_drawdown_account":0.011362922207437424,"max_drawdown_abs":11.38181188},{"key":"TOTAL","trades":11,"profit_mean":0.005227121821702072,"profit_mean_pct":0.52,"profit_sum":0.0574983400387228,"profit_sum_pct":5.75,"profit_total_abs":18.60633005,"profit_total":0.01860633005,"profit_total_pct":1.86,"duration_avg":"11:16:00","wins":10,"draws":0,"losses":1,"winrate":0.9090909090909091,"cagr":0.4855986270634658,"expectancy":1.6914845500000002,"expectancy_ratio":0.14861294210742138,"sortino":-100,"sharpe":4.855323500037589,"calmar":185.21104487948418,"sqn":1.242,"profit_factor":2.6347423631816342,"max_drawdown_account":0.011289932606126488,"max_drawdown_abs":11.38181188}],"mix_tag_stats":[{"key":["","roi"],"trades":8,"profit_mean":0.010781820848012505,"profit_mean_pct":1.08,"profit_sum":0.08625456678410004,"profit_sum_pct":8.63,"profit_total_abs":28.15186171,"profit_total":0.02815186171,"profit_total_pct":2.82,"duration_avg":"5:08:00","wins":8,"draws":0,"losses":0,"winrate":1.0,"cagr":0.8149998723260465,"expectancy":3.51898271375,"expectancy_ratio":100.0,"sortino":-100,"sharpe":44.2636729685613,"calmar":-100,"sqn":13.0259,"profit_factor":0.0,"max_drawdown_account":0.0,"max_drawdown_abs":0.0},{"key":["","exit_signal"],"trades":3,"profit_mean":-0.009585408915125744,"profit_mean_pct":-0.96,"profit_sum":-0.028756226745377235,"profit_sum_pct":-2.88,"profit_total_abs":-9.545531660000002,"profit_total":-0.009545531660000002,"profit_total_pct":-0.95,"duration_avg":"1 day, 3:40:00","wins":2,"draws":0,"losses":1,"winrate":0.6666666666666666,"cagr":-0.186112085065677,"expectancy":-3.1818438866666665,"expectancy_ratio":-0.27955512885059797,"sortino":-100,"sharpe":-1.8400445720038778,"calmar":-94.40773968061899,"sqn":-0.7718,"profit_factor":0.1613346134482061,"max_drawdown_account":0.011362922207437424,"max_drawdown_abs":11.38181188},{"key":"TOTAL","trades":11,"profit_mean":0.005227121821702072,"profit_mean_pct":0.52,"profit_sum":0.0574983400387228,"profit_sum_pct":5.75,"profit_total_abs":18.60633005,"profit_total":0.01860633005,"profit_total_pct":1.86,"duration_avg":"11:16:00","wins":10,"draws":0,"losses":1,"winrate":0.9090909090909091,"cagr":0.4855986270634658,"expectancy":1.6914845500000002,"expectancy_ratio":0.14861294210742138,"sortino":-100,"sharpe":4.855323500037589,"calmar":185.21104487948418,"sqn":1.242,"profit_factor":2.6347423631816342,"max_drawdown_account":0.011289932606126488,"max_drawdown_abs":11.38181188}],"left_open_trades":[{"key":"TOTAL","trades":0,"profit_mean":0.0,"profit_mean_pct":0.0,"profit_sum":0.0,"profit_sum_pct":0.0,"profit_total_abs":0.0,"profit_total":0.0,"profit_total_pct":0.0,"duration_avg":"0:00","wins":0,"draws":0,"losses":0,"winrate":0.0,"cagr":0.0,"expectancy":0.0,"expectancy_ratio":100.0,"sortino":0,"sharpe":0,"calmar":0,"sqn":0.0,"profit_factor":0.0,"max_drawdown_account":0.0,"max_drawdown_abs":0.0}],"total_trades":11,"trade_count_long":11,"trade_count_short":0,"total_volume":7220.038163233258,"avg_stake_amount":327.0001272727273,"profit_mean":0.005227121821702072,"profit_median":0.009914399154957341,"profit_total":0.01860633005,"profit_total_long":0.01860633005,"profit_total_short":0.0,"profit_total_abs":18.60633005,"profit_total_long_abs":18.60633005,"profit_total_short_abs":0.0,"cagr":0.4855986270634658,"expectancy":1.6914845500000002,"expectancy_ratio":0.14861294210742138,"sortino":-100,"sharpe":4.855323500037589,"calmar":185.21104487948418,"sqn":1.242,"profit_factor":2.6347423631816342,"backtest_start":"2025-03-31 00:00:00","backtest_start_ts":1743379200000,"backtest_end":"2025-04-17 08:00:00","backtest_end_ts":1744876800000,"backtest_days":17,"backtest_run_start_ts":1746346105,"backtest_run_end_ts":1746346105,"trades_per_day":0.65,"market_change":0.03432861411845393,"pairlist":["BTC/USDT:USDT"],"stake_amount":"unlimited","stake_currency":"USDT","stake_currency_decimals":3,"starting_balance":1000,"dry_run_wallet":1000,"final_balance":1018.60633005,"rejected_signals":0,"timedout_entry_orders":0,"timedout_exit_orders":0,"canceled_trade_entries":0,"canceled_entry_orders":0,"replaced_entry_orders":0,"max_open_trades":1,"max_open_trades_setting":3,"timeframe":"1h","timeframe_detail":"","timerange":"20250331-","enable_protections":false,"strategy_name":"DynamicGridV3PlotStrategy","stoploss":-0.1,"trailing_stop":false,"trailing_stop_positive":null,"trailing_stop_positive_offset":0.0,"trailing_only_offset_is_reached":false,"use_custom_stoploss":false,"minimal_roi":{"0":0.1,"30":0.05,"60":0.01},"use_exit_signal":true,"exit_profit_only":false,"exit_profit_offset":0.0,"ignore_roi_if_entry_signal":false,"trading_mode":"futures","margin_mode":"isolated","periodic_breakdown":{"day":[{"date":"03/04/2025","date_ts":1743638400000,"profit_abs":3.20388901,"wins":1,"draws":0,"losses":0,"trades":1,"profit_factor":0.0},{"date":"04/04/2025","date_ts":1743724800000,"profit_abs":1.66239566,"wins":1,"draws":0,"losses":0,"trades":1,"profit_factor":0.0},{"date":"05/04/2025","date_ts":1743811200000,"profit_abs":3.27187497,"wins":1,"draws":0,"losses":0,"trades":1,"profit_factor":0.0},{"date":"06/04/2025","date_ts":1743897600000,"profit_abs":0.0,"wins":0,"draws":0,"losses":0,"trades":0,"profit_factor":0.0},{"date":"07/04/2025","date_ts":1743984000000,"profit_abs":-11.38181188,"wins":0,"draws":0,"losses":1,"trades":1,"profit_factor":0.0},{"date":"08/04/2025","date_ts":1744070400000,"profit_abs":0.0,"wins":0,"draws":0,"losses":0,"trades":0,"profit_factor":0.0},{"date":"09/04/2025","date_ts":1744156800000,"profit_abs":3.22549258,"wins":1,"draws":0,"losses":0,"trades":1,"profit_factor":0.0},{"date":"10/04/2025","date_ts":1744243200000,"profit_abs":3.21014166,"wins":1,"draws":0,"losses":0,"trades":1,"profit_factor":0.0},{"date":"11/04/2025","date_ts":1744329600000,"profit_abs":5.40728787,"wins":1,"draws":0,"losses":0,"trades":1,"profit_factor":0.0},{"date":"12/04/2025","date_ts":1744416000000,"profit_abs":0.0,"wins":0,"draws":0,"losses":0,"trades":0,"profit_factor":0.0},{"date":"13/04/2025","date_ts":1744502400000,"profit_abs":3.26637875,"wins":1,"draws":0,"losses":0,"trades":1,"profit_factor":0.0},{"date":"14/04/2025","date_ts":1744588800000,"profit_abs":3.23530087,"wins":1,"draws":0,"losses":0,"trades":1,"profit_factor":0.0},{"date":"15/04/2025","date_ts":1744675200000,"profit_abs":0.0,"wins":0,"draws":0,"losses":0,"trades":0,"profit_factor":0.0},{"date":"16/04/2025","date_ts":1744761600000,"profit_abs":3.50538056,"wins":2,"draws":0,"losses":0,"trades":2,"profit_factor":0.0}],"week":[{"date":"07/04/2025","date_ts":1743984000000,"profit_abs":-3.24365224,"wins":3,"draws":0,"losses":1,"trades":4,"profit_factor":0.71501442},{"date":"14/04/2025","date_ts":1744588800000,"profit_abs":18.34460173,"wins":5,"draws":0,"losses":0,"trades":5,"profit_factor":0.0},{"date":"21/04/2025","date_ts":1745193600000,"profit_abs":3.50538056,"wins":2,"draws":0,"losses":0,"trades":2,"profit_factor":0.0}],"month":[{"date":"30/04/2025","date_ts":1745971200000,"profit_abs":18.60633005,"wins":10,"draws":0,"losses":1,"trades":11,"profit_factor":2.63474236}],"year":[{"date":"31/12/2025","date_ts":1767139200000,"profit_abs":18.60633005,"wins":10,"draws":0,"losses":1,"trades":11,"profit_factor":2.63474236}]},"backtest_best_day":0.016675415612876675,"backtest_worst_day":-0.03438744647602322,"backtest_best_day_abs":5.40728787,"backtest_worst_day_abs":-11.38181188,"winning_days":9,"draw_days":4,"losing_days":1,"daily_profit":[["2025-04-03",3.20388901],["2025-04-04",1.66239566],["2025-04-05",3.27187497],["2025-04-06",0.0],["2025-04-07",-11.38181188],["2025-04-08",0.0],["2025-04-09",3.22549258],["2025-04-10",3.21014166],["2025-04-11",5.40728787],["2025-04-12",0.0],["2025-04-13",3.26637875],["2025-04-14",3.23530087],["2025-04-15",0.0],["2025-04-16",3.50538056]],"wins":10,"losses":1,"draws":0,"winrate":0.9090909090909091,"holding_avg":"11:16:00","holding_avg_s":40560.0,"winner_holding_avg":"9:00:00","winner_holding_avg_s":32400.0,"loser_holding_avg":"1 day, 10:00:00","loser_holding_avg_s":122400.0,"max_consecutive_wins":7,"max_consecutive_losses":1,"max_drawdown_account":0.011289932606126488,"max_relative_drawdown":0.011289932606126488,"max_drawdown_abs":11.38181188,"drawdown_start":"2025-04-05 23:00:00","drawdown_start_ts":1743894000000.0,"drawdown_end":"2025-04-07 23:00:00","drawdown_end_ts":1744066800000.0,"max_drawdown_low":-3.2436522399999994,"max_drawdown_high":8.138159640000001,"csum_min":996.75634776,"csum_max":1018.60633005}},"strategy_comparison":[{"key":"DynamicGridV3PlotStrategy","trades":11,"profit_mean":0.005227121821702072,"profit_mean_pct":0.52,"profit_sum":0.0574983400387228,"profit_sum_pct":5.75,"profit_total_abs":18.60633005,"profit_total":0.01860633005,"profit_total_pct":1.86,"duration_avg":"11:16:00","wins":10,"draws":0,"losses":1,"winrate":0.9090909090909091,"cagr":0.4855986270634658,"expectancy":1.6914845500000002,"expectancy_ratio":0.14861294210742138,"sortino":-100,"sharpe":4.855323500037589,"calmar":185.21104487948418,"sqn":1.242,"profit_factor":2.6347423631816342,"max_drawdown_account":0.011289932606126488,"max_drawdown_abs":"11.382"}]}