{"strategy":{"raindow":{"trades":[{"pair":"SOL/USDT:USDT","stake_amount":328.542,"max_stake_amount":328.542,"amount":2.04,"open_date":"2024-06-07 19:00:00+00:00","close_date":"2024-06-07 20:00:00+00:00","open_rate":161.05,"close_rate":162.82243621810906,"fee_open":0.0005,"fee_close":0.0005,"trade_duration":60,"profit_ratio":0.009995002498750623,"profit_abs":3.28542,"exit_reason":"roi","initial_stop_loss_abs":128.84,"initial_stop_loss_ratio":-0.2,"stop_loss_abs":128.84,"stop_loss_ratio":-0.2,"min_rate":160.0,"max_rate":163.16,"is_open":false,"enter_tag":"long","leverage":1.0,"is_short":false,"open_timestamp":1717786800000,"close_timestamp":1717790400000,"orders":[{"amount":2.04,"safe_price":161.05,"ft_order_side":"buy","order_filled_timestamp":1717786800000,"ft_is_entry":true,"ft_order_tag":"long","cost":328.706271},{"amount":2.04,"safe_price":162.82243621810906,"ft_order_side":"sell","order_filled_timestamp":1717790400000,"ft_is_entry":false,"ft_order_tag":"roi","cost":332.32384876988493}]},{"pair":"XRP/USDT:USDT","stake_amount":329.9046,"max_stake_amount":329.9046,"amount":673.0,"open_date":"2024-06-07 19:00:00+00:00","close_date":"2024-06-07 20:00:00+00:00","open_rate":0.4902,"close_rate":0.49559489744872437,"fee_open":0.0005,"fee_close":0.0005,"trade_duration":60,"profit_ratio":0.009995002498750625,"profit_abs":3.299046,"exit_reason":"roi","initial_stop_loss_abs":0.3922,"initial_stop_loss_ratio":-0.2,"stop_loss_abs":0.3922,"stop_loss_ratio":-0.2,"min_rate":0.486,"max_rate":0.5028,"is_open":false,"enter_tag":"long","leverage":1.0,"is_short":false,"open_timestamp":1717786800000,"close_timestamp":1717790400000,"orders":[{"amount":673.0,"safe_price":0.4902,"ft_order_side":"buy","order_filled_timestamp":1717786800000,"ft_is_entry":true,"ft_order_tag":"long","cost":330.0695523},{"amount":673.0,"safe_price":0.49559489744872437,"ft_order_side":"sell","order_filled_timestamp":1717790400000,"ft_is_entry":false,"ft_order_tag":"roi","cost":333.70213366598296}]},{"pair":"DOGE/USDT:USDT","stake_amount":329.392,"max_stake_amount":329.392,"amount":2240.0,"open_date":"2024-06-07 19:00:00+00:00","close_date":"2024-06-07 20:00:00+00:00","open_rate":0.14705,"close_rate":0.1486683591795898,"fee_open":0.0005,"fee_close":0.0005,"trade_duration":60,"profit_ratio":0.009995002498750625,"profit_abs":3.29392,"exit_reason":"roi","initial_stop_loss_abs":0.11764,"initial_stop_loss_ratio":-0.2,"stop_loss_abs":0.11764,"stop_loss_ratio":-0.2,"min_rate":0.1455,"max_rate":0.14899,"is_open":false,"enter_tag":"long","leverage":1.0,"is_short":false,"open_timestamp":1717786800000,"close_timestamp":1717790400000,"orders":[{"amount":2240.0,"safe_price":0.14705,"ft_order_side":"buy","order_filled_timestamp":1717786800000,"ft_is_entry":true,"ft_order_tag":"long","cost":329.556696},{"amount":2240.0,"safe_price":0.1486683591795898,"ft_order_side":"sell","order_filled_timestamp":1717790400000,"ft_is_entry":false,"ft_order_tag":"roi","cost":333.1836331245623}]}],"locks":[],"best_pair":{"key":"XRP/USDT:USDT","trades":1,"profit_mean":0.009995002498750625,"profit_mean_pct":1.0,"profit_sum":0.009995002498750625,"profit_sum_pct":1.0,"profit_total_abs":3.299046,"profit_total":0.0032990460000000004,"profit_total_pct":0.33,"duration_avg":"1:00:00","wins":1,"draws":0,"losses":0,"winrate":1.0,"cagr":0.003176988131530889,"expectancy":3.299046,"expectancy_ratio":100.0,"sortino":-100,"sharpe":-100,"calmar":-100,"sqn":-100.0,"profit_factor":0.0,"max_drawdown_account":0.0,"max_drawdown_abs":0.0},"worst_pair":{"key":"BTC/USDT:USDT","trades":0,"profit_mean":0.0,"profit_mean_pct":0.0,"profit_sum":0.0,"profit_sum_pct":0.0,"profit_total_abs":0.0,"profit_total":0.0,"profit_total_pct":0.0,"duration_avg":"0:00","wins":0,"draws":0,"losses":0,"winrate":0.0,"cagr":0.0,"expectancy":0.0,"expectancy_ratio":100.0,"sortino":0,"sharpe":0,"calmar":0,"sqn":0.0,"profit_factor":0.0,"max_drawdown_account":0.0,"max_drawdown_abs":0.0},"results_per_pair":[{"key":"XRP/USDT:USDT","trades":1,"profit_mean":0.009995002498750625,"profit_mean_pct":1.0,"profit_sum":0.009995002498750625,"profit_sum_pct":1.0,"profit_total_abs":3.299046,"profit_total":0.0032990460000000004,"profit_total_pct":0.33,"duration_avg":"1:00:00","wins":1,"draws":0,"losses":0,"winrate":1.0,"cagr":0.003176988131530889,"expectancy":3.299046,"expectancy_ratio":100.0,"sortino":-100,"sharpe":-100,"calmar":-100,"sqn":-100.0,"profit_factor":0.0,"max_drawdown_account":0.0,"max_drawdown_abs":0.0},{"key":"DOGE/USDT:USDT","trades":1,"profit_mean":0.009995002498750625,"profit_mean_pct":1.0,"profit_sum":0.009995002498750625,"profit_sum_pct":1.0,"profit_total_abs":3.29392,"profit_total":0.00329392,"profit_total_pct":0.33,"duration_avg":"1:00:00","wins":1,"draws":0,"losses":0,"winrate":1.0,"cagr":0.003172052082563992,"expectancy":3.29392,"expectancy_ratio":100.0,"sortino":-100,"sharpe":-100,"calmar":-100,"sqn":-100.0,"profit_factor":0.0,"max_drawdown_account":0.0,"max_drawdown_abs":0.0},{"key":"SOL/USDT:USDT","trades":1,"profit_mean":0.009995002498750623,"profit_mean_pct":1.0,"profit_sum":0.009995002498750623,"profit_sum_pct":1.0,"profit_total_abs":3.28542,"profit_total":0.00328542,"profit_total_pct":0.33,"duration_avg":"1:00:00","wins":1,"draws":0,"losses":0,"winrate":1.0,"cagr":0.003163867059789771,"expectancy":3.28542,"expectancy_ratio":100.0,"sortino":-100,"sharpe":-100,"calmar":-100,"sqn":-100.0,"profit_factor":0.0,"max_drawdown_account":0.0,"max_drawdown_abs":0.0},{"key":"BTC/USDT:USDT","trades":0,"profit_mean":0.0,"profit_mean_pct":0.0,"profit_sum":0.0,"profit_sum_pct":0.0,"profit_total_abs":0.0,"profit_total":0.0,"profit_total_pct":0.0,"duration_avg":"0:00","wins":0,"draws":0,"losses":0,"winrate":0.0,"cagr":0.0,"expectancy":0.0,"expectancy_ratio":100.0,"sortino":0,"sharpe":0,"calmar":0,"sqn":0.0,"profit_factor":0.0,"max_drawdown_account":0.0,"max_drawdown_abs":0.0},{"key":"ETH/USDT:USDT","trades":0,"profit_mean":0.0,"profit_mean_pct":0.0,"profit_sum":0.0,"profit_sum_pct":0.0,"profit_total_abs":0.0,"profit_total":0.0,"profit_total_pct":0.0,"duration_avg":"0:00","wins":0,"draws":0,"losses":0,"winrate":0.0,"cagr":0.0,"expectancy":0.0,"expectancy_ratio":100.0,"sortino":0,"sharpe":0,"calmar":0,"sqn":0.0,"profit_factor":0.0,"max_drawdown_account":0.0,"max_drawdown_abs":0.0},{"key":"BNB/USDT:USDT","trades":0,"profit_mean":0.0,"profit_mean_pct":0.0,"profit_sum":0.0,"profit_sum_pct":0.0,"profit_total_abs":0.0,"profit_total":0.0,"profit_total_pct":0.0,"duration_avg":"0:00","wins":0,"draws":0,"losses":0,"winrate":0.0,"cagr":0.0,"expectancy":0.0,"expectancy_ratio":100.0,"sortino":0,"sharpe":0,"calmar":0,"sqn":0.0,"profit_factor":0.0,"max_drawdown_account":0.0,"max_drawdown_abs":0.0},{"key":"TON/USDT:USDT","trades":0,"profit_mean":0.0,"profit_mean_pct":0.0,"profit_sum":0.0,"profit_sum_pct":0.0,"profit_total_abs":0.0,"profit_total":0.0,"profit_total_pct":0.0,"duration_avg":"0:00","wins":0,"draws":0,"losses":0,"winrate":0.0,"cagr":0.0,"expectancy":0.0,"expectancy_ratio":100.0,"sortino":0,"sharpe":0,"calmar":0,"sqn":0.0,"profit_factor":0.0,"max_drawdown_account":0.0,"max_drawdown_abs":0.0},{"key":"TRX/USDT:USDT","trades":0,"profit_mean":0.0,"profit_mean_pct":0.0,"profit_sum":0.0,"profit_sum_pct":0.0,"profit_total_abs":0.0,"profit_total":0.0,"profit_total_pct":0.0,"duration_avg":"0:00","wins":0,"draws":0,"losses":0,"winrate":0.0,"cagr":0.0,"expectancy":0.0,"expectancy_ratio":100.0,"sortino":0,"sharpe":0,"calmar":0,"sqn":0.0,"profit_factor":0.0,"max_drawdown_account":0.0,"max_drawdown_abs":0.0},{"key":"ADA/USDT:USDT","trades":0,"profit_mean":0.0,"profit_mean_pct":0.0,"profit_sum":0.0,"profit_sum_pct":0.0,"profit_total_abs":0.0,"profit_total":0.0,"profit_total_pct":0.0,"duration_avg":"0:00","wins":0,"draws":0,"losses":0,"winrate":0.0,"cagr":0.0,"expectancy":0.0,"expectancy_ratio":100.0,"sortino":0,"sharpe":0,"calmar":0,"sqn":0.0,"profit_factor":0.0,"max_drawdown_account":0.0,"max_drawdown_abs":0.0},{"key":"TOTAL","trades":3,"profit_mean":0.009995002498750625,"profit_mean_pct":1.0,"profit_sum":0.029985007496251874,"profit_sum_pct":3.0,"profit_total_abs":9.878385999999999,"profit_total":0.009878386,"profit_total_pct":0.99,"duration_avg":"1:00:00","wins":3,"draws":0,"losses":0,"winrate":1.0,"cagr":0.009511755355622098,"expectancy":3.292795333333333,"expectancy_ratio":100.0,"sortino":-100,"sharpe":88.61499277711292,"calmar":-100,"sqn":828.6931,"profit_factor":0.0,"max_drawdown_account":0.0,"max_drawdown_abs":0.0}],"results_per_enter_tag":[{"key":"long","trades":3,"profit_mean":0.009995002498750625,"profit_mean_pct":1.0,"profit_sum":0.029985007496251874,"profit_sum_pct":3.0,"profit_total_abs":9.878385999999999,"profit_total":0.009878386,"profit_total_pct":0.99,"duration_avg":"1:00:00","wins":3,"draws":0,"losses":0,"winrate":1.0,"cagr":0.009511755355622098,"expectancy":3.292795333333333,"expectancy_ratio":100.0,"sortino":-100,"sharpe":88.61499277711292,"calmar":-100,"sqn":828.6931,"profit_factor":0.0,"max_drawdown_account":0.0,"max_drawdown_abs":0.0},{"key":"TOTAL","trades":3,"profit_mean":0.009995002498750625,"profit_mean_pct":1.0,"profit_sum":0.029985007496251874,"profit_sum_pct":3.0,"profit_total_abs":9.878385999999999,"profit_total":0.009878386,"profit_total_pct":0.99,"duration_avg":"1:00:00","wins":3,"draws":0,"losses":0,"winrate":1.0,"cagr":0.009511755355622098,"expectancy":3.292795333333333,"expectancy_ratio":100.0,"sortino":-100,"sharpe":88.61499277711292,"calmar":-100,"sqn":828.6931,"profit_factor":0.0,"max_drawdown_account":0.0,"max_drawdown_abs":0.0}],"exit_reason_summary":[{"key":"roi","trades":3,"profit_mean":0.009995002498750625,"profit_mean_pct":1.0,"profit_sum":0.029985007496251874,"profit_sum_pct":3.0,"profit_total_abs":9.878385999999999,"profit_total":0.009878386,"profit_total_pct":0.99,"duration_avg":"1:00:00","wins":3,"draws":0,"losses":0,"winrate":1.0,"cagr":0.009511755355622098,"expectancy":3.292795333333333,"expectancy_ratio":100.0,"sortino":-100,"sharpe":88.61499277711292,"calmar":-100,"sqn":828.6931,"profit_factor":0.0,"max_drawdown_account":0.0,"max_drawdown_abs":0.0},{"key":"TOTAL","trades":3,"profit_mean":0.009995002498750625,"profit_mean_pct":1.0,"profit_sum":0.029985007496251874,"profit_sum_pct":3.0,"profit_total_abs":9.878385999999999,"profit_total":0.009878386,"profit_total_pct":0.99,"duration_avg":"1:00:00","wins":3,"draws":0,"losses":0,"winrate":1.0,"cagr":0.009511755355622098,"expectancy":3.292795333333333,"expectancy_ratio":100.0,"sortino":-100,"sharpe":88.61499277711292,"calmar":-100,"sqn":828.6931,"profit_factor":0.0,"max_drawdown_account":0.0,"max_drawdown_abs":0.0}],"mix_tag_stats":[{"key":["long","roi"],"trades":3,"profit_mean":0.009995002498750625,"profit_mean_pct":1.0,"profit_sum":0.029985007496251874,"profit_sum_pct":3.0,"profit_total_abs":9.878385999999999,"profit_total":0.009878386,"profit_total_pct":0.99,"duration_avg":"1:00:00","wins":3,"draws":0,"losses":0,"winrate":1.0,"cagr":0.009511755355622098,"expectancy":3.292795333333333,"expectancy_ratio":100.0,"sortino":-100,"sharpe":88.61499277711292,"calmar":-100,"sqn":828.6931,"profit_factor":0.0,"max_drawdown_account":0.0,"max_drawdown_abs":0.0},{"key":"TOTAL","trades":3,"profit_mean":0.009995002498750625,"profit_mean_pct":1.0,"profit_sum":0.029985007496251874,"profit_sum_pct":3.0,"profit_total_abs":9.878385999999999,"profit_total":0.009878386,"profit_total_pct":0.99,"duration_avg":"1:00:00","wins":3,"draws":0,"losses":0,"winrate":1.0,"cagr":0.009511755355622098,"expectancy":3.292795333333333,"expectancy_ratio":100.0,"sortino":-100,"sharpe":88.61499277711292,"calmar":-100,"sqn":828.6931,"profit_factor":0.0,"max_drawdown_account":0.0,"max_drawdown_abs":0.0}],"left_open_trades":[{"key":"TOTAL","trades":0,"profit_mean":0.0,"profit_mean_pct":0.0,"profit_sum":0.0,"profit_sum_pct":0.0,"profit_total_abs":0.0,"profit_total":0.0,"profit_total_pct":0.0,"duration_avg":"0:00","wins":0,"draws":0,"losses":0,"winrate":0.0,"cagr":0.0,"expectancy":0.0,"expectancy_ratio":100.0,"sortino":0,"sharpe":0,"calmar":0,"sqn":0.0,"profit_factor":0.0,"max_drawdown_account":0.0,"max_drawdown_abs":0.0}],"total_trades":3,"trade_count_long":3,"trade_count_short":0,"total_volume":1987.5421348604302,"avg_stake_amount":329.27953333333335,"profit_mean":0.009995002498750625,"profit_median":0.009995002498750625,"profit_total":0.009878386,"profit_total_long":0.009878386,"profit_total_short":0.0,"profit_total_abs":9.878385999999999,"profit_total_long_abs":9.878385999999999,"profit_total_short_abs":0.0,"cagr":0.009511755355622098,"expectancy":3.292795333333333,"expectancy_ratio":100.0,"sortino":-100,"sharpe":88.61499277711292,"calmar":-100,"sqn":828.6931,"profit_factor":0.0,"backtest_start":"2024-04-03 00:00:00","backtest_start_ts":1712102400000,"backtest_end":"2025-04-17 08:00:00","backtest_end_ts":1744876800000,"backtest_days":379,"backtest_run_start_ts":1744909421,"backtest_run_end_ts":1744909422,"trades_per_day":0.01,"market_change":0.2454355249629892,"pairlist":["BTC/USDT:USDT","ETH/USDT:USDT","BNB/USDT:USDT","SOL/USDT:USDT","XRP/USDT:USDT","DOGE/USDT:USDT","TON/USDT:USDT","TRX/USDT:USDT","ADA/USDT:USDT"],"stake_amount":"unlimited","stake_currency":"USDT","stake_currency_decimals":3,"starting_balance":1000,"dry_run_wallet":1000,"final_balance":1009.878386,"rejected_signals":1,"timedout_entry_orders":0,"timedout_exit_orders":0,"canceled_trade_entries":0,"canceled_entry_orders":0,"replaced_entry_orders":0,"max_open_trades":3,"max_open_trades_setting":3,"timeframe":"1h","timeframe_detail":"","timerange":"20240403-","enable_protections":false,"strategy_name":"raindow","stoploss":-0.2,"trailing_stop":false,"trailing_stop_positive":null,"trailing_stop_positive_offset":0.0,"trailing_only_offset_is_reached":false,"use_custom_stoploss":false,"minimal_roi":{"60":0.01,"30":0.02,"0":0.04},"use_exit_signal":true,"exit_profit_only":false,"exit_profit_offset":0.0,"ignore_roi_if_entry_signal":false,"trading_mode":"futures","margin_mode":"isolated","periodic_breakdown":{"day":[{"date":"07/06/2024","date_ts":1717718400000,"profit_abs":9.878386,"wins":3,"draws":0,"losses":0,"trades":3,"profit_factor":0.0}],"week":[{"date":"10/06/2024","date_ts":1717977600000,"profit_abs":9.878386,"wins":3,"draws":0,"losses":0,"trades":3,"profit_factor":0.0}],"month":[{"date":"30/06/2024","date_ts":1719705600000,"profit_abs":9.878386,"wins":3,"draws":0,"losses":0,"trades":3,"profit_factor":0.0}],"year":[{"date":"31/12/2024","date_ts":1735603200000,"profit_abs":9.878386,"wins":3,"draws":0,"losses":0,"trades":3,"profit_factor":0.0}]},"backtest_best_day":0.029985007496251874,"backtest_worst_day":0.029985007496251874,"backtest_best_day_abs":9.878386,"backtest_worst_day_abs":9.878386,"winning_days":1,"draw_days":0,"losing_days":0,"daily_profit":[["2024-06-07",9.878386]],"wins":3,"losses":0,"draws":0,"winrate":1.0,"holding_avg":"1:00:00","holding_avg_s":3600.0,"winner_holding_avg":"1:00:00","winner_holding_avg_s":3600.0,"loser_holding_avg":"0:00:00","loser_holding_avg_s":0.0,"max_consecutive_wins":3,"max_consecutive_losses":0,"max_drawdown_account":0.0,"max_relative_drawdown":0.0,"max_drawdown_abs":0.0,"drawdown_start":"2024-06-07 20:00:00","drawdown_start_ts":1717790400000.0,"drawdown_end":"2024-06-07 20:00:00","drawdown_end_ts":1717790400000.0,"max_drawdown_low":3.28542,"max_drawdown_high":3.28542,"csum_min":1003.28542,"csum_max":1009.878386}},"strategy_comparison":[{"key":"raindow","trades":3,"profit_mean":0.009995002498750625,"profit_mean_pct":1.0,"profit_sum":0.029985007496251874,"profit_sum_pct":3.0,"profit_total_abs":9.878385999999999,"profit_total":0.009878386,"profit_total_pct":0.99,"duration_avg":"1:00:00","wins":3,"draws":0,"losses":0,"winrate":1.0,"cagr":0.009511755355622098,"expectancy":3.292795333333333,"expectancy_ratio":100.0,"sortino":-100,"sharpe":88.61499277711292,"calmar":-100,"sqn":828.6931,"profit_factor":0.0,"max_drawdown_account":0.0,"max_drawdown_abs":"0"}]}