{"strategy":{"advanced":{"trades":[{"pair":"BTC/USDT:USDT","stake_amount":325.39986,"max_stake_amount":325.39986,"amount":0.0069,"open_date":"2024-02-09 16:00:00+00:00","close_date":"2024-02-14 12:00:00+00:00","open_rate":47159.4,"close_rate":51875.3,"fee_open":0.0005,"fee_close":0.0005,"trade_duration":6960,"profit_ratio":-0.10109970122394075,"profit_abs":-32.88137971,"exit_reason":"stop_loss","initial_stop_loss_abs":51875.3,"initial_stop_loss_ratio":-0.1,"stop_loss_abs":51875.3,"stop_loss_ratio":-0.1,"min_rate":46842.6,"max_rate":51877.6,"is_open":false,"enter_tag":"short1","leverage":1.0,"is_short":true,"open_timestamp":1707494400000,"close_timestamp":1707912000000,"orders":[{"amount":0.0069,"safe_price":47159.4,"ft_order_side":"sell","order_filled_timestamp":1707494400000,"ft_is_entry":true,"ft_order_tag":"short1","cost":325.56255992999996},{"amount":0.0069,"safe_price":51875.3,"ft_order_side":"buy","order_filled_timestamp":1707912000000,"ft_is_entry":false,"ft_order_tag":"stop_loss","cost":358.118539785}]},{"pair":"BTC/USDT:USDT","stake_amount":313.16091,"max_stake_amount":313.16091,"amount":0.0051,"open_date":"2024-08-09 02:00:00+00:00","close_date":"2024-08-09 04:00:00+00:00","open_rate":61404.1,"close_rate":60728.99245377312,"fee_open":0.0005,"fee_close":0.0005,"trade_duration":120,"profit_ratio":0.010005002501250625,"profit_abs":3.1316091,"exit_reason":"roi","initial_stop_loss_abs":67544.5,"initial_stop_loss_ratio":-0.1,"stop_loss_abs":67544.5,"stop_loss_ratio":-0.1,"min_rate":60716.0,"max_rate":61574.7,"is_open":false,"enter_tag":"short1","leverage":1.0,"is_short":true,"open_timestamp":1723168800000,"close_timestamp":1723176000000,"orders":[{"amount":0.0051,"safe_price":61404.1,"ft_order_side":"sell","order_filled_timestamp":1723168800000,"ft_is_entry":true,"ft_order_tag":"short1","cost":313.317490455},{"amount":0.0051,"safe_price":60728.99245377312,"ft_order_side":"buy","order_filled_timestamp":1723176000000,"ft_is_entry":false,"ft_order_tag":"roi","cost":309.872720445}]},{"pair":"BTC/USDT:USDT","stake_amount":316.51464,"max_stake_amount":316.51464,"amount":0.0052,"open_date":"2024-08-20 10:00:00+00:00","close_date":"2024-08-20 14:00:00+00:00","open_rate":60868.2,"close_rate":60198.9844077961,"fee_open":0.0005,"fee_close":0.0005,"trade_duration":240,"profit_ratio":0.010005002501250623,"profit_abs":3.1651464,"exit_reason":"roi","initial_stop_loss_abs":66955.0,"initial_stop_loss_ratio":-0.1,"stop_loss_abs":66955.0,"stop_loss_ratio":-0.1,"min_rate":59439.9,"max_rate":60950.0,"is_open":false,"enter_tag":"short1","leverage":1.0,"is_short":true,"open_timestamp":1724148000000,"close_timestamp":1724162400000,"orders":[{"amount":0.0052,"safe_price":60868.2,"ft_order_side":"sell","order_filled_timestamp":1724148000000,"ft_is_entry":true,"ft_order_tag":"short1","cost":316.67289731999995},{"amount":0.0052,"safe_price":60198.9844077961,"ft_order_side":"buy","order_filled_timestamp":1724162400000,"ft_is_entry":false,"ft_order_tag":"roi","cost":313.19123627999994}]}],"locks":[],"best_pair":{"key":"BTC/USDT:USDT","trades":3,"profit_mean":-0.027029898740479837,"profit_mean_pct":-2.7,"profit_sum":-0.08108969622143951,"profit_sum_pct":-8.11,"profit_total_abs":-26.584624209999998,"profit_total":-0.026584624209999998,"profit_total_pct":-2.66,"duration_avg":"1 day, 16:40:00","wins":2,"draws":0,"losses":1,"winrate":0.6666666666666666,"cagr":-0.022405777940802563,"expectancy":-8.861541403333332,"expectancy_ratio":-0.269500291091445,"sortino":-100,"sharpe":-0.06890202813216294,"calmar":-3.5590754597927607,"sqn":-0.7379,"profit_factor":0.19149912672566502,"max_drawdown_account":0.03288137971000003,"max_drawdown_abs":32.88137971},"worst_pair":{"key":"BTC/USDT:USDT","trades":3,"profit_mean":-0.027029898740479837,"profit_mean_pct":-2.7,"profit_sum":-0.08108969622143951,"profit_sum_pct":-8.11,"profit_total_abs":-26.584624209999998,"profit_total":-0.026584624209999998,"profit_total_pct":-2.66,"duration_avg":"1 day, 16:40:00","wins":2,"draws":0,"losses":1,"winrate":0.6666666666666666,"cagr":-0.022405777940802563,"expectancy":-8.861541403333332,"expectancy_ratio":-0.269500291091445,"sortino":-100,"sharpe":-0.06890202813216294,"calmar":-3.5590754597927607,"sqn":-0.7379,"profit_factor":0.19149912672566502,"max_drawdown_account":0.03288137971000003,"max_drawdown_abs":32.88137971},"results_per_pair":[{"key":"BTC/USDT:USDT","trades":3,"profit_mean":-0.027029898740479837,"profit_mean_pct":-2.7,"profit_sum":-0.08108969622143951,"profit_sum_pct":-8.11,"profit_total_abs":-26.584624209999998,"profit_total":-0.026584624209999998,"profit_total_pct":-2.66,"duration_avg":"1 day, 16:40:00","wins":2,"draws":0,"losses":1,"winrate":0.6666666666666666,"cagr":-0.022405777940802563,"expectancy":-8.861541403333332,"expectancy_ratio":-0.269500291091445,"sortino":-100,"sharpe":-0.06890202813216294,"calmar":-3.5590754597927607,"sqn":-0.7379,"profit_factor":0.19149912672566502,"max_drawdown_account":0.03288137971000003,"max_drawdown_abs":32.88137971},{"key":"TOTAL","trades":3,"profit_mean":-0.027029898740479837,"profit_mean_pct":-2.7,"profit_sum":-0.08108969622143951,"profit_sum_pct":-8.11,"profit_total_abs":-26.584624209999998,"profit_total":-0.026584624209999998,"profit_total_pct":-2.66,"duration_avg":"1 day, 16:40:00","wins":2,"draws":0,"losses":1,"winrate":0.6666666666666666,"cagr":-0.022405777940802563,"expectancy":-8.861541403333332,"expectancy_ratio":-0.269500291091445,"sortino":-100,"sharpe":-0.06890202813216294,"calmar":-3.5590754597927607,"sqn":-0.7379,"profit_factor":0.19149912672566502,"max_drawdown_account":0.03288137971000003,"max_drawdown_abs":32.88137971}],"results_per_enter_tag":[{"key":"short1","trades":3,"profit_mean":-0.027029898740479837,"profit_mean_pct":-2.7,"profit_sum":-0.08108969622143951,"profit_sum_pct":-8.11,"profit_total_abs":-26.584624209999998,"profit_total":-0.026584624209999998,"profit_total_pct":-2.66,"duration_avg":"1 day, 16:40:00","wins":2,"draws":0,"losses":1,"winrate":0.6666666666666666,"cagr":-0.022405777940802563,"expectancy":-8.861541403333332,"expectancy_ratio":-0.269500291091445,"sortino":-100,"sharpe":-0.06890202813216294,"calmar":-3.5590754597927607,"sqn":-0.7379,"profit_factor":0.19149912672566502,"max_drawdown_account":0.03288137971000003,"max_drawdown_abs":32.88137971},{"key":"TOTAL","trades":3,"profit_mean":-0.027029898740479837,"profit_mean_pct":-2.7,"profit_sum":-0.08108969622143951,"profit_sum_pct":-8.11,"profit_total_abs":-26.584624209999998,"profit_total":-0.026584624209999998,"profit_total_pct":-2.66,"duration_avg":"1 day, 16:40:00","wins":2,"draws":0,"losses":1,"winrate":0.6666666666666666,"cagr":-0.022405777940802563,"expectancy":-8.861541403333332,"expectancy_ratio":-0.269500291091445,"sortino":-100,"sharpe":-0.06890202813216294,"calmar":-3.5590754597927607,"sqn":-0.7379,"profit_factor":0.19149912672566502,"max_drawdown_account":0.03288137971000003,"max_drawdown_abs":32.88137971}],"exit_reason_summary":[{"key":"roi","trades":2,"profit_mean":0.010005002501250623,"profit_mean_pct":1.0,"profit_sum":0.020010005002501247,"profit_sum_pct":2.0,"profit_total_abs":6.2967555,"profit_total":0.0062967555,"profit_total_pct":0.63,"duration_avg":"3:00:00","wins":2,"draws":0,"losses":0,"winrate":1.0,"cagr":0.005293014119738482,"expectancy":3.14837775,"expectancy_ratio":100.0,"sortino":-100,"sharpe":16.530098169964642,"calmar":-100,"sqn":187.7538,"profit_factor":0.0,"max_drawdown_account":0.0,"max_drawdown_abs":0.0},{"key":"stop_loss","trades":1,"profit_mean":-0.10109970122394075,"profit_mean_pct":-10.11,"profit_sum":-0.10109970122394075,"profit_sum_pct":-10.11,"profit_total_abs":-32.88137971,"profit_total":-0.03288137971,"profit_total_pct":-3.29,"duration_avg":"4 days, 20:00:00","wins":0,"draws":0,"losses":1,"winrate":0.0,"cagr":-0.027726912164858453,"expectancy":-32.88137971,"expectancy_ratio":-1.0,"sortino":-100,"sharpe":-100,"calmar":-4.402067551737967,"sqn":-100.0,"profit_factor":0.0,"max_drawdown_account":0.03288137971000003,"max_drawdown_abs":32.88137971},{"key":"TOTAL","trades":3,"profit_mean":-0.027029898740479837,"profit_mean_pct":-2.7,"profit_sum":-0.08108969622143951,"profit_sum_pct":-8.11,"profit_total_abs":-26.584624209999998,"profit_total":-0.026584624209999998,"profit_total_pct":-2.66,"duration_avg":"1 day, 16:40:00","wins":2,"draws":0,"losses":1,"winrate":0.6666666666666666,"cagr":-0.022405777940802563,"expectancy":-8.861541403333332,"expectancy_ratio":-0.269500291091445,"sortino":-100,"sharpe":-0.06890202813216294,"calmar":-3.5590754597927607,"sqn":-0.7379,"profit_factor":0.19149912672566502,"max_drawdown_account":0.03288137971000003,"max_drawdown_abs":32.88137971}],"mix_tag_stats":[{"key":["short1","roi"],"trades":2,"profit_mean":0.010005002501250623,"profit_mean_pct":1.0,"profit_sum":0.020010005002501247,"profit_sum_pct":2.0,"profit_total_abs":6.2967555,"profit_total":0.0062967555,"profit_total_pct":0.63,"duration_avg":"3:00:00","wins":2,"draws":0,"losses":0,"winrate":1.0,"cagr":0.005293014119738482,"expectancy":3.14837775,"expectancy_ratio":100.0,"sortino":-100,"sharpe":16.530098169964642,"calmar":-100,"sqn":187.7538,"profit_factor":0.0,"max_drawdown_account":0.0,"max_drawdown_abs":0.0},{"key":["short1","stop_loss"],"trades":1,"profit_mean":-0.10109970122394075,"profit_mean_pct":-10.11,"profit_sum":-0.10109970122394075,"profit_sum_pct":-10.11,"profit_total_abs":-32.88137971,"profit_total":-0.03288137971,"profit_total_pct":-3.29,"duration_avg":"4 days, 20:00:00","wins":0,"draws":0,"losses":1,"winrate":0.0,"cagr":-0.027726912164858453,"expectancy":-32.88137971,"expectancy_ratio":-1.0,"sortino":-100,"sharpe":-100,"calmar":-4.402067551737967,"sqn":-100.0,"profit_factor":0.0,"max_drawdown_account":0.03288137971000003,"max_drawdown_abs":32.88137971},{"key":"TOTAL","trades":3,"profit_mean":-0.027029898740479837,"profit_mean_pct":-2.7,"profit_sum":-0.08108969622143951,"profit_sum_pct":-8.11,"profit_total_abs":-26.584624209999998,"profit_total":-0.026584624209999998,"profit_total_pct":-2.66,"duration_avg":"1 day, 16:40:00","wins":2,"draws":0,"losses":1,"winrate":0.6666666666666666,"cagr":-0.022405777940802563,"expectancy":-8.861541403333332,"expectancy_ratio":-0.269500291091445,"sortino":-100,"sharpe":-0.06890202813216294,"calmar":-3.5590754597927607,"sqn":-0.7379,"profit_factor":0.19149912672566502,"max_drawdown_account":0.03288137971000003,"max_drawdown_abs":32.88137971}],"left_open_trades":[{"key":"TOTAL","trades":0,"profit_mean":0.0,"profit_mean_pct":0.0,"profit_sum":0.0,"profit_sum_pct":0.0,"profit_total_abs":0.0,"profit_total":0.0,"profit_total_pct":0.0,"duration_avg":"0:00","wins":0,"draws":0,"losses":0,"winrate":0.0,"cagr":0.0,"expectancy":0.0,"expectancy_ratio":100.0,"sortino":0,"sharpe":0,"calmar":0,"sqn":0.0,"profit_factor":0.0,"max_drawdown_account":0.0,"max_drawdown_abs":0.0}],"total_trades":3,"trade_count_long":0,"trade_count_short":3,"total_volume":1936.735444215,"avg_stake_amount":318.35847,"profit_mean":-0.027029898740479837,"profit_median":0.010005002501250623,"profit_total":-0.026584624209999998,"profit_total_long":0.0,"profit_total_short":-0.026584624209999998,"profit_total_abs":-26.584624209999998,"profit_total_long_abs":0.0,"profit_total_short_abs":-26.584624209999998,"cagr":-0.022405777940802563,"expectancy":-8.861541403333332,"expectancy_ratio":-0.269500291091445,"sortino":-100,"sharpe":-0.06890202813216294,"calmar":-3.5590754597927607,"sqn":-0.7379,"profit_factor":0.19149912672566502,"backtest_start":"2024-02-08 00:00:00","backtest_start_ts":1707350400000,"backtest_end":"2025-04-17 08:00:00","backtest_end_ts":1744876800000,"backtest_days":434,"backtest_run_start_ts":1745429745,"backtest_run_end_ts":1745429745,"trades_per_day":0.01,"market_change":0.9549542250668395,"pairlist":["BTC/USDT:USDT"],"stake_amount":"unlimited","stake_currency":"USDT","stake_currency_decimals":3,"starting_balance":1000,"dry_run_wallet":1000,"final_balance":973.41537579,"rejected_signals":0,"timedout_entry_orders":0,"timedout_exit_orders":0,"canceled_trade_entries":0,"canceled_entry_orders":0,"replaced_entry_orders":0,"max_open_trades":1,"max_open_trades_setting":3,"timeframe":"1h","timeframe_detail":"","timerange":"20240208-","enable_protections":false,"strategy_name":"advanced","stoploss":-0.1,"trailing_stop":false,"trailing_stop_positive":null,"trailing_stop_positive_offset":0.0,"trailing_only_offset_is_reached":false,"use_custom_stoploss":true,"minimal_roi":{"60":0.01,"30":0.02,"0":0.04},"use_exit_signal":true,"exit_profit_only":false,"exit_profit_offset":0.0,"ignore_roi_if_entry_signal":false,"trading_mode":"futures","margin_mode":"isolated","periodic_breakdown":{"day":[{"date":"14/02/2024","date_ts":1707868800000,"profit_abs":-32.88137971,"wins":0,"draws":0,"losses":1,"trades":1,"profit_factor":0.0},{"date":"15/02/2024","date_ts":1707955200000,"profit_abs":0.0,"wins":0,"draws":0,"losses":0,"trades":0,"profit_factor":0.0},{"date":"16/02/2024","date_ts":1708041600000,"profit_abs":0.0,"wins":0,"draws":0,"losses":0,"trades":0,"profit_factor":0.0},{"date":"17/02/2024","date_ts":1708128000000,"profit_abs":0.0,"wins":0,"draws":0,"losses":0,"trades":0,"profit_factor":0.0},{"date":"18/02/2024","date_ts":1708214400000,"profit_abs":0.0,"wins":0,"draws":0,"losses":0,"trades":0,"profit_factor":0.0},{"date":"19/02/2024","date_ts":1708300800000,"profit_abs":0.0,"wins":0,"draws":0,"losses":0,"trades":0,"profit_factor":0.0},{"date":"20/02/2024","date_ts":1708387200000,"profit_abs":0.0,"wins":0,"draws":0,"losses":0,"trades":0,"profit_factor":0.0},{"date":"21/02/2024","date_ts":1708473600000,"profit_abs":0.0,"wins":0,"draws":0,"losses":0,"trades":0,"profit_factor":0.0},{"date":"22/02/2024","date_ts":1708560000000,"profit_abs":0.0,"wins":0,"draws":0,"losses":0,"trades":0,"profit_factor":0.0},{"date":"23/02/2024","date_ts":1708646400000,"profit_abs":0.0,"wins":0,"draws":0,"losses":0,"trades":0,"profit_factor":0.0},{"date":"24/02/2024","date_ts":1708732800000,"profit_abs":0.0,"wins":0,"draws":0,"losses":0,"trades":0,"profit_factor":0.0},{"date":"25/02/2024","date_ts":1708819200000,"profit_abs":0.0,"wins":0,"draws":0,"losses":0,"trades":0,"profit_factor":0.0},{"date":"26/02/2024","date_ts":1708905600000,"profit_abs":0.0,"wins":0,"draws":0,"losses":0,"trades":0,"profit_factor":0.0},{"date":"27/02/2024","date_ts":1708992000000,"profit_abs":0.0,"wins":0,"draws":0,"losses":0,"trades":0,"profit_factor":0.0},{"date":"28/02/2024","date_ts":1709078400000,"profit_abs":0.0,"wins":0,"draws":0,"losses":0,"trades":0,"profit_factor":0.0},{"date":"29/02/2024","date_ts":1709164800000,"profit_abs":0.0,"wins":0,"draws":0,"losses":0,"trades":0,"profit_factor":0.0},{"date":"01/03/2024","date_ts":1709251200000,"profit_abs":0.0,"wins":0,"draws":0,"losses":0,"trades":0,"profit_factor":0.0},{"date":"02/03/2024","date_ts":1709337600000,"profit_abs":0.0,"wins":0,"draws":0,"losses":0,"trades":0,"profit_factor":0.0},{"date":"03/03/2024","date_ts":1709424000000,"profit_abs":0.0,"wins":0,"draws":0,"losses":0,"trades":0,"profit_factor":0.0},{"date":"04/03/2024","date_ts":1709510400000,"profit_abs":0.0,"wins":0,"draws":0,"losses":0,"trades":0,"profit_factor":0.0},{"date":"05/03/2024","date_ts":1709596800000,"profit_abs":0.0,"wins":0,"draws":0,"losses":0,"trades":0,"profit_factor":0.0},{"date":"06/03/2024","date_ts":1709683200000,"profit_abs":0.0,"wins":0,"draws":0,"losses":0,"trades":0,"profit_factor":0.0},{"date":"07/03/2024","date_ts":1709769600000,"profit_abs":0.0,"wins":0,"draws":0,"losses":0,"trades":0,"profit_factor":0.0},{"date":"08/03/2024","date_ts":1709856000000,"profit_abs":0.0,"wins":0,"draws":0,"losses":0,"trades":0,"profit_factor":0.0},{"date":"09/03/2024","date_ts":1709942400000,"profit_abs":0.0,"wins":0,"draws":0,"losses":0,"trades":0,"profit_factor":0.0},{"date":"10/03/2024","date_ts":1710028800000,"profit_abs":0.0,"wins":0,"draws":0,"losses":0,"trades":0,"profit_factor":0.0},{"date":"11/03/2024","date_ts":1710115200000,"profit_abs":0.0,"wins":0,"draws":0,"losses":0,"trades":0,"profit_factor":0.0},{"date":"12/03/2024","date_ts":1710201600000,"profit_abs":0.0,"wins":0,"draws":0,"losses":0,"trades":0,"profit_factor":0.0},{"date":"13/03/2024","date_ts":1710288000000,"profit_abs":0.0,"wins":0,"draws":0,"losses":0,"trades":0,"profit_factor":0.0},{"date":"14/03/2024","date_ts":1710374400000,"profit_abs":0.0,"wins":0,"draws":0,"losses":0,"trades":0,"profit_factor":0.0},{"date":"15/03/2024","date_ts":1710460800000,"profit_abs":0.0,"wins":0,"draws":0,"losses":0,"trades":0,"profit_factor":0.0},{"date":"16/03/2024","date_ts":1710547200000,"profit_abs":0.0,"wins":0,"draws":0,"losses":0,"trades":0,"profit_factor":0.0},{"date":"17/03/2024","date_ts":1710633600000,"profit_abs":0.0,"wins":0,"draws":0,"losses":0,"trades":0,"profit_factor":0.0},{"date":"18/03/2024","date_ts":1710720000000,"profit_abs":0.0,"wins":0,"draws":0,"losses":0,"trades":0,"profit_factor":0.0},{"date":"19/03/2024","date_ts":1710806400000,"profit_abs":0.0,"wins":0,"draws":0,"losses":0,"trades":0,"profit_factor":0.0},{"date":"20/03/2024","date_ts":1710892800000,"profit_abs":0.0,"wins":0,"draws":0,"losses":0,"trades":0,"profit_factor":0.0},{"date":"21/03/2024","date_ts":1710979200000,"profit_abs":0.0,"wins":0,"draws":0,"losses":0,"trades":0,"profit_factor":0.0},{"date":"22/03/2024","date_ts":1711065600000,"profit_abs":0.0,"wins":0,"draws":0,"losses":0,"trades":0,"profit_factor":0.0},{"date":"23/03/2024","date_ts":1711152000000,"profit_abs":0.0,"wins":0,"draws":0,"losses":0,"trades":0,"profit_factor":0.0},{"date":"24/03/2024","date_ts":1711238400000,"profit_abs":0.0,"wins":0,"draws":0,"losses":0,"trades":0,"profit_factor":0.0},{"date":"25/03/2024","date_ts":1711324800000,"profit_abs":0.0,"wins":0,"draws":0,"losses":0,"trades":0,"profit_factor":0.0},{"date":"26/03/2024","date_ts":1711411200000,"profit_abs":0.0,"wins":0,"draws":0,"losses":0,"trades":0,"profit_factor":0.0},{"date":"27/03/2024","date_ts":1711497600000,"profit_abs":0.0,"wins":0,"draws":0,"losses":0,"trades":0,"profit_factor":0.0},{"date":"28/03/2024","date_ts":1711584000000,"profit_abs":0.0,"wins":0,"draws":0,"losses":0,"trades":0,"profit_factor":0.0},{"date":"29/03/2024","date_ts":1711670400000,"profit_abs":0.0,"wins":0,"draws":0,"losses":0,"trades":0,"profit_factor":0.0},{"date":"30/03/2024","date_ts":1711756800000,"profit_abs":0.0,"wins":0,"draws":0,"losses":0,"trades":0,"profit_factor":0.0},{"date":"31/03/2024","date_ts":1711843200000,"profit_abs":0.0,"wins":0,"draws":0,"losses":0,"trades":0,"profit_factor":0.0},{"date":"01/04/2024","date_ts":1711929600000,"profit_abs":0.0,"wins":0,"draws":0,"losses":0,"trades":0,"profit_factor":0.0},{"date":"02/04/2024","date_ts":1712016000000,"profit_abs":0.0,"wins":0,"draws":0,"losses":0,"trades":0,"profit_factor":0.0},{"date":"03/04/2024","date_ts":1712102400000,"profit_abs":0.0,"wins":0,"draws":0,"losses":0,"trades":0,"profit_factor":0.0},{"date":"04/04/2024","date_ts":1712188800000,"profit_abs":0.0,"wins":0,"draws":0,"losses":0,"trades":0,"profit_factor":0.0},{"date":"05/04/2024","date_ts":1712275200000,"profit_abs":0.0,"wins":0,"draws":0,"losses":0,"trades":0,"profit_factor":0.0},{"date":"06/04/2024","date_ts":1712361600000,"profit_abs":0.0,"wins":0,"draws":0,"losses":0,"trades":0,"profit_factor":0.0},{"date":"07/04/2024","date_ts":1712448000000,"profit_abs":0.0,"wins":0,"draws":0,"losses":0,"trades":0,"profit_factor":0.0},{"date":"08/04/2024","date_ts":1712534400000,"profit_abs":0.0,"wins":0,"draws":0,"losses":0,"trades":0,"profit_factor":0.0},{"date":"09/04/2024","date_ts":1712620800000,"profit_abs":0.0,"wins":0,"draws":0,"losses":0,"trades":0,"profit_factor":0.0},{"date":"10/04/2024","date_ts":1712707200000,"profit_abs":0.0,"wins":0,"draws":0,"losses":0,"trades":0,"profit_factor":0.0},{"date":"11/04/2024","date_ts":1712793600000,"profit_abs":0.0,"wins":0,"draws":0,"losses":0,"trades":0,"profit_factor":0.0},{"date":"12/04/2024","date_ts":1712880000000,"profit_abs":0.0,"wins":0,"draws":0,"losses":0,"trades":0,"profit_factor":0.0},{"date":"13/04/2024","date_ts":1712966400000,"profit_abs":0.0,"wins":0,"draws":0,"losses":0,"trades":0,"profit_factor":0.0},{"date":"14/04/2024","date_ts":1713052800000,"profit_abs":0.0,"wins":0,"draws":0,"losses":0,"trades":0,"profit_factor":0.0},{"date":"15/04/2024","date_ts":1713139200000,"profit_abs":0.0,"wins":0,"draws":0,"losses":0,"trades":0,"profit_factor":0.0},{"date":"16/04/2024","date_ts":1713225600000,"profit_abs":0.0,"wins":0,"draws":0,"losses":0,"trades":0,"profit_factor":0.0},{"date":"17/04/2024","date_ts":1713312000000,"profit_abs":0.0,"wins":0,"draws":0,"losses":0,"trades":0,"profit_factor":0.0},{"date":"18/04/2024","date_ts":1713398400000,"profit_abs":0.0,"wins":0,"draws":0,"losses":0,"trades":0,"profit_factor":0.0},{"date":"19/04/2024","date_ts":1713484800000,"profit_abs":0.0,"wins":0,"draws":0,"losses":0,"trades":0,"profit_factor":0.0},{"date":"20/04/2024","date_ts":1713571200000,"profit_abs":0.0,"wins":0,"draws":0,"losses":0,"trades":0,"profit_factor":0.0},{"date":"21/04/2024","date_ts":1713657600000,"profit_abs":0.0,"wins":0,"draws":0,"losses":0,"trades":0,"profit_factor":0.0},{"date":"22/04/2024","date_ts":1713744000000,"profit_abs":0.0,"wins":0,"draws":0,"losses":0,"trades":0,"profit_factor":0.0},{"date":"23/04/2024","date_ts":1713830400000,"profit_abs":0.0,"wins":0,"draws":0,"losses":0,"trades":0,"profit_factor":0.0},{"date":"24/04/2024","date_ts":1713916800000,"profit_abs":0.0,"wins":0,"draws":0,"losses":0,"trades":0,"profit_factor":0.0},{"date":"25/04/2024","date_ts":1714003200000,"profit_abs":0.0,"wins":0,"draws":0,"losses":0,"trades":0,"profit_factor":0.0},{"date":"26/04/2024","date_ts":1714089600000,"profit_abs":0.0,"wins":0,"draws":0,"losses":0,"trades":0,"profit_factor":0.0},{"date":"27/04/2024","date_ts":1714176000000,"profit_abs":0.0,"wins":0,"draws":0,"losses":0,"trades":0,"profit_factor":0.0},{"date":"28/04/2024","date_ts":1714262400000,"profit_abs":0.0,"wins":0,"draws":0,"losses":0,"trades":0,"profit_factor":0.0},{"date":"29/04/2024","date_ts":1714348800000,"profit_abs":0.0,"wins":0,"draws":0,"losses":0,"trades":0,"profit_factor":0.0},{"date":"30/04/2024","date_ts":1714435200000,"profit_abs":0.0,"wins":0,"draws":0,"losses":0,"trades":0,"profit_factor":0.0},{"date":"01/05/2024","date_ts":1714521600000,"profit_abs":0.0,"wins":0,"draws":0,"losses":0,"trades":0,"profit_factor":0.0},{"date":"02/05/2024","date_ts":1714608000000,"profit_abs":0.0,"wins":0,"draws":0,"losses":0,"trades":0,"profit_factor":0.0},{"date":"03/05/2024","date_ts":1714694400000,"profit_abs":0.0,"wins":0,"draws":0,"losses":0,"trades":0,"profit_factor":0.0},{"date":"04/05/2024","date_ts":1714780800000,"profit_abs":0.0,"wins":0,"draws":0,"losses":0,"trades":0,"profit_factor":0.0},{"date":"05/05/2024","date_ts":1714867200000,"profit_abs":0.0,"wins":0,"draws":0,"losses":0,"trades":0,"profit_factor":0.0},{"date":"06/05/2024","date_ts":1714953600000,"profit_abs":0.0,"wins":0,"draws":0,"losses":0,"trades":0,"profit_factor":0.0},{"date":"07/05/2024","date_ts":1715040000000,"profit_abs":0.0,"wins":0,"draws":0,"losses":0,"trades":0,"profit_factor":0.0},{"date":"08/05/2024","date_ts":1715126400000,"profit_abs":0.0,"wins":0,"draws":0,"losses":0,"trades":0,"profit_factor":0.0},{"date":"09/05/2024","date_ts":1715212800000,"profit_abs":0.0,"wins":0,"draws":0,"losses":0,"trades":0,"profit_factor":0.0},{"date":"10/05/2024","date_ts":1715299200000,"profit_abs":0.0,"wins":0,"draws":0,"losses":0,"trades":0,"profit_factor":0.0},{"date":"11/05/2024","date_ts":1715385600000,"profit_abs":0.0,"wins":0,"draws":0,"losses":0,"trades":0,"profit_factor":0.0},{"date":"12/05/2024","date_ts":1715472000000,"profit_abs":0.0,"wins":0,"draws":0,"losses":0,"trades":0,"profit_factor":0.0},{"date":"13/05/2024","date_ts":1715558400000,"profit_abs":0.0,"wins":0,"draws":0,"losses":0,"trades":0,"profit_factor":0.0},{"date":"14/05/2024","date_ts":1715644800000,"profit_abs":0.0,"wins":0,"draws":0,"losses":0,"trades":0,"profit_factor":0.0},{"date":"15/05/2024","date_ts":1715731200000,"profit_abs":0.0,"wins":0,"draws":0,"losses":0,"trades":0,"profit_factor":0.0},{"date":"16/05/2024","date_ts":1715817600000,"profit_abs":0.0,"wins":0,"draws":0,"losses":0,"trades":0,"profit_factor":0.0},{"date":"17/05/2024","date_ts":1715904000000,"profit_abs":0.0,"wins":0,"draws":0,"losses":0,"trades":0,"profit_factor":0.0},{"date":"18/05/2024","date_ts":1715990400000,"profit_abs":0.0,"wins":0,"draws":0,"losses":0,"trades":0,"profit_factor":0.0},{"date":"19/05/2024","date_ts":1716076800000,"profit_abs":0.0,"wins":0,"draws":0,"losses":0,"trades":0,"profit_factor":0.0},{"date":"20/05/2024","date_ts":1716163200000,"profit_abs":0.0,"wins":0,"draws":0,"losses":0,"trades":0,"profit_factor":0.0},{"date":"21/05/2024","date_ts":1716249600000,"profit_abs":0.0,"wins":0,"draws":0,"losses":0,"trades":0,"profit_factor":0.0},{"date":"22/05/2024","date_ts":1716336000000,"profit_abs":0.0,"wins":0,"draws":0,"losses":0,"trades":0,"profit_factor":0.0},{"date":"23/05/2024","date_ts":1716422400000,"profit_abs":0.0,"wins":0,"draws":0,"losses":0,"trades":0,"profit_factor":0.0},{"date":"24/05/2024","date_ts":1716508800000,"profit_abs":0.0,"wins":0,"draws":0,"losses":0,"trades":0,"profit_factor":0.0},{"date":"25/05/2024","date_ts":1716595200000,"profit_abs":0.0,"wins":0,"draws":0,"losses":0,"trades":0,"profit_factor":0.0},{"date":"26/05/2024","date_ts":1716681600000,"profit_abs":0.0,"wins":0,"draws":0,"losses":0,"trades":0,"profit_factor":0.0},{"date":"27/05/2024","date_ts":1716768000000,"profit_abs":0.0,"wins":0,"draws":0,"losses":0,"trades":0,"profit_factor":0.0},{"date":"28/05/2024","date_ts":1716854400000,"profit_abs":0.0,"wins":0,"draws":0,"losses":0,"trades":0,"profit_factor":0.0},{"date":"29/05/2024","date_ts":1716940800000,"profit_abs":0.0,"wins":0,"draws":0,"losses":0,"trades":0,"profit_factor":0.0},{"date":"30/05/2024","date_ts":1717027200000,"profit_abs":0.0,"wins":0,"draws":0,"losses":0,"trades":0,"profit_factor":0.0},{"date":"31/05/2024","date_ts":1717113600000,"profit_abs":0.0,"wins":0,"draws":0,"losses":0,"trades":0,"profit_factor":0.0},{"date":"01/06/2024","date_ts":1717200000000,"profit_abs":0.0,"wins":0,"draws":0,"losses":0,"trades":0,"profit_factor":0.0},{"date":"02/06/2024","date_ts":1717286400000,"profit_abs":0.0,"wins":0,"draws":0,"losses":0,"trades":0,"profit_factor":0.0},{"date":"03/06/2024","date_ts":1717372800000,"profit_abs":0.0,"wins":0,"draws":0,"losses":0,"trades":0,"profit_factor":0.0},{"date":"04/06/2024","date_ts":1717459200000,"profit_abs":0.0,"wins":0,"draws":0,"losses":0,"trades":0,"profit_factor":0.0},{"date":"05/06/2024","date_ts":1717545600000,"profit_abs":0.0,"wins":0,"draws":0,"losses":0,"trades":0,"profit_factor":0.0},{"date":"06/06/2024","date_ts":1717632000000,"profit_abs":0.0,"wins":0,"draws":0,"losses":0,"trades":0,"profit_factor":0.0},{"date":"07/06/2024","date_ts":1717718400000,"profit_abs":0.0,"wins":0,"draws":0,"losses":0,"trades":0,"profit_factor":0.0},{"date":"08/06/2024","date_ts":1717804800000,"profit_abs":0.0,"wins":0,"draws":0,"losses":0,"trades":0,"profit_factor":0.0},{"date":"09/06/2024","date_ts":1717891200000,"profit_abs":0.0,"wins":0,"draws":0,"losses":0,"trades":0,"profit_factor":0.0},{"date":"10/06/2024","date_ts":1717977600000,"profit_abs":0.0,"wins":0,"draws":0,"losses":0,"trades":0,"profit_factor":0.0},{"date":"11/06/2024","date_ts":1718064000000,"profit_abs":0.0,"wins":0,"draws":0,"losses":0,"trades":0,"profit_factor":0.0},{"date":"12/06/2024","date_ts":1718150400000,"profit_abs":0.0,"wins":0,"draws":0,"losses":0,"trades":0,"profit_factor":0.0},{"date":"13/06/2024","date_ts":1718236800000,"profit_abs":0.0,"wins":0,"draws":0,"losses":0,"trades":0,"profit_factor":0.0},{"date":"14/06/2024","date_ts":1718323200000,"profit_abs":0.0,"wins":0,"draws":0,"losses":0,"trades":0,"profit_factor":0.0},{"date":"15/06/2024","date_ts":1718409600000,"profit_abs":0.0,"wins":0,"draws":0,"losses":0,"trades":0,"profit_factor":0.0},{"date":"16/06/2024","date_ts":1718496000000,"profit_abs":0.0,"wins":0,"draws":0,"losses":0,"trades":0,"profit_factor":0.0},{"date":"17/06/2024","date_ts":1718582400000,"profit_abs":0.0,"wins":0,"draws":0,"losses":0,"trades":0,"profit_factor":0.0},{"date":"18/06/2024","date_ts":1718668800000,"profit_abs":0.0,"wins":0,"draws":0,"losses":0,"trades":0,"profit_factor":0.0},{"date":"19/06/2024","date_ts":1718755200000,"profit_abs":0.0,"wins":0,"draws":0,"losses":0,"trades":0,"profit_factor":0.0},{"date":"20/06/2024","date_ts":1718841600000,"profit_abs":0.0,"wins":0,"draws":0,"losses":0,"trades":0,"profit_factor":0.0},{"date":"21/06/2024","date_ts":1718928000000,"profit_abs":0.0,"wins":0,"draws":0,"losses":0,"trades":0,"profit_factor":0.0},{"date":"22/06/2024","date_ts":1719014400000,"profit_abs":0.0,"wins":0,"draws":0,"losses":0,"trades":0,"profit_factor":0.0},{"date":"23/06/2024","date_ts":1719100800000,"profit_abs":0.0,"wins":0,"draws":0,"losses":0,"trades":0,"profit_factor":0.0},{"date":"24/06/2024","date_ts":1719187200000,"profit_abs":0.0,"wins":0,"draws":0,"losses":0,"trades":0,"profit_factor":0.0},{"date":"25/06/2024","date_ts":1719273600000,"profit_abs":0.0,"wins":0,"draws":0,"losses":0,"trades":0,"profit_factor":0.0},{"date":"26/06/2024","date_ts":1719360000000,"profit_abs":0.0,"wins":0,"draws":0,"losses":0,"trades":0,"profit_factor":0.0},{"date":"27/06/2024","date_ts":1719446400000,"profit_abs":0.0,"wins":0,"draws":0,"losses":0,"trades":0,"profit_factor":0.0},{"date":"28/06/2024","date_ts":1719532800000,"profit_abs":0.0,"wins":0,"draws":0,"losses":0,"trades":0,"profit_factor":0.0},{"date":"29/06/2024","date_ts":1719619200000,"profit_abs":0.0,"wins":0,"draws":0,"losses":0,"trades":0,"profit_factor":0.0},{"date":"30/06/2024","date_ts":1719705600000,"profit_abs":0.0,"wins":0,"draws":0,"losses":0,"trades":0,"profit_factor":0.0},{"date":"01/07/2024","date_ts":1719792000000,"profit_abs":0.0,"wins":0,"draws":0,"losses":0,"trades":0,"profit_factor":0.0},{"date":"02/07/2024","date_ts":1719878400000,"profit_abs":0.0,"wins":0,"draws":0,"losses":0,"trades":0,"profit_factor":0.0},{"date":"03/07/2024","date_ts":1719964800000,"profit_abs":0.0,"wins":0,"draws":0,"losses":0,"trades":0,"profit_factor":0.0},{"date":"04/07/2024","date_ts":1720051200000,"profit_abs":0.0,"wins":0,"draws":0,"losses":0,"trades":0,"profit_factor":0.0},{"date":"05/07/2024","date_ts":1720137600000,"profit_abs":0.0,"wins":0,"draws":0,"losses":0,"trades":0,"profit_factor":0.0},{"date":"06/07/2024","date_ts":1720224000000,"profit_abs":0.0,"wins":0,"draws":0,"losses":0,"trades":0,"profit_factor":0.0},{"date":"07/07/2024","date_ts":1720310400000,"profit_abs":0.0,"wins":0,"draws":0,"losses":0,"trades":0,"profit_factor":0.0},{"date":"08/07/2024","date_ts":1720396800000,"profit_abs":0.0,"wins":0,"draws":0,"losses":0,"trades":0,"profit_factor":0.0},{"date":"09/07/2024","date_ts":1720483200000,"profit_abs":0.0,"wins":0,"draws":0,"losses":0,"trades":0,"profit_factor":0.0},{"date":"10/07/2024","date_ts":1720569600000,"profit_abs":0.0,"wins":0,"draws":0,"losses":0,"trades":0,"profit_factor":0.0},{"date":"11/07/2024","date_ts":1720656000000,"profit_abs":0.0,"wins":0,"draws":0,"losses":0,"trades":0,"profit_factor":0.0},{"date":"12/07/2024","date_ts":1720742400000,"profit_abs":0.0,"wins":0,"draws":0,"losses":0,"trades":0,"profit_factor":0.0},{"date":"13/07/2024","date_ts":1720828800000,"profit_abs":0.0,"wins":0,"draws":0,"losses":0,"trades":0,"profit_factor":0.0},{"date":"14/07/2024","date_ts":1720915200000,"profit_abs":0.0,"wins":0,"draws":0,"losses":0,"trades":0,"profit_factor":0.0},{"date":"15/07/2024","date_ts":1721001600000,"profit_abs":0.0,"wins":0,"draws":0,"losses":0,"trades":0,"profit_factor":0.0},{"date":"16/07/2024","date_ts":1721088000000,"profit_abs":0.0,"wins":0,"draws":0,"losses":0,"trades":0,"profit_factor":0.0},{"date":"17/07/2024","date_ts":1721174400000,"profit_abs":0.0,"wins":0,"draws":0,"losses":0,"trades":0,"profit_factor":0.0},{"date":"18/07/2024","date_ts":1721260800000,"profit_abs":0.0,"wins":0,"draws":0,"losses":0,"trades":0,"profit_factor":0.0},{"date":"19/07/2024","date_ts":1721347200000,"profit_abs":0.0,"wins":0,"draws":0,"losses":0,"trades":0,"profit_factor":0.0},{"date":"20/07/2024","date_ts":1721433600000,"profit_abs":0.0,"wins":0,"draws":0,"losses":0,"trades":0,"profit_factor":0.0},{"date":"21/07/2024","date_ts":1721520000000,"profit_abs":0.0,"wins":0,"draws":0,"losses":0,"trades":0,"profit_factor":0.0},{"date":"22/07/2024","date_ts":1721606400000,"profit_abs":0.0,"wins":0,"draws":0,"losses":0,"trades":0,"profit_factor":0.0},{"date":"23/07/2024","date_ts":1721692800000,"profit_abs":0.0,"wins":0,"draws":0,"losses":0,"trades":0,"profit_factor":0.0},{"date":"24/07/2024","date_ts":1721779200000,"profit_abs":0.0,"wins":0,"draws":0,"losses":0,"trades":0,"profit_factor":0.0},{"date":"25/07/2024","date_ts":1721865600000,"profit_abs":0.0,"wins":0,"draws":0,"losses":0,"trades":0,"profit_factor":0.0},{"date":"26/07/2024","date_ts":1721952000000,"profit_abs":0.0,"wins":0,"draws":0,"losses":0,"trades":0,"profit_factor":0.0},{"date":"27/07/2024","date_ts":1722038400000,"profit_abs":0.0,"wins":0,"draws":0,"losses":0,"trades":0,"profit_factor":0.0},{"date":"28/07/2024","date_ts":1722124800000,"profit_abs":0.0,"wins":0,"draws":0,"losses":0,"trades":0,"profit_factor":0.0},{"date":"29/07/2024","date_ts":1722211200000,"profit_abs":0.0,"wins":0,"draws":0,"losses":0,"trades":0,"profit_factor":0.0},{"date":"30/07/2024","date_ts":1722297600000,"profit_abs":0.0,"wins":0,"draws":0,"losses":0,"trades":0,"profit_factor":0.0},{"date":"31/07/2024","date_ts":1722384000000,"profit_abs":0.0,"wins":0,"draws":0,"losses":0,"trades":0,"profit_factor":0.0},{"date":"01/08/2024","date_ts":1722470400000,"profit_abs":0.0,"wins":0,"draws":0,"losses":0,"trades":0,"profit_factor":0.0},{"date":"02/08/2024","date_ts":1722556800000,"profit_abs":0.0,"wins":0,"draws":0,"losses":0,"trades":0,"profit_factor":0.0},{"date":"03/08/2024","date_ts":1722643200000,"profit_abs":0.0,"wins":0,"draws":0,"losses":0,"trades":0,"profit_factor":0.0},{"date":"04/08/2024","date_ts":1722729600000,"profit_abs":0.0,"wins":0,"draws":0,"losses":0,"trades":0,"profit_factor":0.0},{"date":"05/08/2024","date_ts":1722816000000,"profit_abs":0.0,"wins":0,"draws":0,"losses":0,"trades":0,"profit_factor":0.0},{"date":"06/08/2024","date_ts":1722902400000,"profit_abs":0.0,"wins":0,"draws":0,"losses":0,"trades":0,"profit_factor":0.0},{"date":"07/08/2024","date_ts":1722988800000,"profit_abs":0.0,"wins":0,"draws":0,"losses":0,"trades":0,"profit_factor":0.0},{"date":"08/08/2024","date_ts":1723075200000,"profit_abs":0.0,"wins":0,"draws":0,"losses":0,"trades":0,"profit_factor":0.0},{"date":"09/08/2024","date_ts":1723161600000,"profit_abs":3.1316091,"wins":1,"draws":0,"losses":0,"trades":1,"profit_factor":0.0},{"date":"10/08/2024","date_ts":1723248000000,"profit_abs":0.0,"wins":0,"draws":0,"losses":0,"trades":0,"profit_factor":0.0},{"date":"11/08/2024","date_ts":1723334400000,"profit_abs":0.0,"wins":0,"draws":0,"losses":0,"trades":0,"profit_factor":0.0},{"date":"12/08/2024","date_ts":1723420800000,"profit_abs":0.0,"wins":0,"draws":0,"losses":0,"trades":0,"profit_factor":0.0},{"date":"13/08/2024","date_ts":1723507200000,"profit_abs":0.0,"wins":0,"draws":0,"losses":0,"trades":0,"profit_factor":0.0},{"date":"14/08/2024","date_ts":1723593600000,"profit_abs":0.0,"wins":0,"draws":0,"losses":0,"trades":0,"profit_factor":0.0},{"date":"15/08/2024","date_ts":1723680000000,"profit_abs":0.0,"wins":0,"draws":0,"losses":0,"trades":0,"profit_factor":0.0},{"date":"16/08/2024","date_ts":1723766400000,"profit_abs":0.0,"wins":0,"draws":0,"losses":0,"trades":0,"profit_factor":0.0},{"date":"17/08/2024","date_ts":1723852800000,"profit_abs":0.0,"wins":0,"draws":0,"losses":0,"trades":0,"profit_factor":0.0},{"date":"18/08/2024","date_ts":1723939200000,"profit_abs":0.0,"wins":0,"draws":0,"losses":0,"trades":0,"profit_factor":0.0},{"date":"19/08/2024","date_ts":1724025600000,"profit_abs":0.0,"wins":0,"draws":0,"losses":0,"trades":0,"profit_factor":0.0},{"date":"20/08/2024","date_ts":1724112000000,"profit_abs":3.1651464,"wins":1,"draws":0,"losses":0,"trades":1,"profit_factor":0.0}],"week":[{"date":"19/02/2024","date_ts":1708300800000,"profit_abs":-32.88137971,"wins":0,"draws":0,"losses":1,"trades":1,"profit_factor":0.0},{"date":"26/02/2024","date_ts":1708905600000,"profit_abs":0.0,"wins":0,"draws":0,"losses":0,"trades":0,"profit_factor":0.0},{"date":"04/03/2024","date_ts":1709510400000,"profit_abs":0.0,"wins":0,"draws":0,"losses":0,"trades":0,"profit_factor":0.0},{"date":"11/03/2024","date_ts":1710115200000,"profit_abs":0.0,"wins":0,"draws":0,"losses":0,"trades":0,"profit_factor":0.0},{"date":"18/03/2024","date_ts":1710720000000,"profit_abs":0.0,"wins":0,"draws":0,"losses":0,"trades":0,"profit_factor":0.0},{"date":"25/03/2024","date_ts":1711324800000,"profit_abs":0.0,"wins":0,"draws":0,"losses":0,"trades":0,"profit_factor":0.0},{"date":"01/04/2024","date_ts":1711929600000,"profit_abs":0.0,"wins":0,"draws":0,"losses":0,"trades":0,"profit_factor":0.0},{"date":"08/04/2024","date_ts":1712534400000,"profit_abs":0.0,"wins":0,"draws":0,"losses":0,"trades":0,"profit_factor":0.0},{"date":"15/04/2024","date_ts":1713139200000,"profit_abs":0.0,"wins":0,"draws":0,"losses":0,"trades":0,"profit_factor":0.0},{"date":"22/04/2024","date_ts":1713744000000,"profit_abs":0.0,"wins":0,"draws":0,"losses":0,"trades":0,"profit_factor":0.0},{"date":"29/04/2024","date_ts":1714348800000,"profit_abs":0.0,"wins":0,"draws":0,"losses":0,"trades":0,"profit_factor":0.0},{"date":"06/05/2024","date_ts":1714953600000,"profit_abs":0.0,"wins":0,"draws":0,"losses":0,"trades":0,"profit_factor":0.0},{"date":"13/05/2024","date_ts":1715558400000,"profit_abs":0.0,"wins":0,"draws":0,"losses":0,"trades":0,"profit_factor":0.0},{"date":"20/05/2024","date_ts":1716163200000,"profit_abs":0.0,"wins":0,"draws":0,"losses":0,"trades":0,"profit_factor":0.0},{"date":"27/05/2024","date_ts":1716768000000,"profit_abs":0.0,"wins":0,"draws":0,"losses":0,"trades":0,"profit_factor":0.0},{"date":"03/06/2024","date_ts":1717372800000,"profit_abs":0.0,"wins":0,"draws":0,"losses":0,"trades":0,"profit_factor":0.0},{"date":"10/06/2024","date_ts":1717977600000,"profit_abs":0.0,"wins":0,"draws":0,"losses":0,"trades":0,"profit_factor":0.0},{"date":"17/06/2024","date_ts":1718582400000,"profit_abs":0.0,"wins":0,"draws":0,"losses":0,"trades":0,"profit_factor":0.0},{"date":"24/06/2024","date_ts":1719187200000,"profit_abs":0.0,"wins":0,"draws":0,"losses":0,"trades":0,"profit_factor":0.0},{"date":"01/07/2024","date_ts":1719792000000,"profit_abs":0.0,"wins":0,"draws":0,"losses":0,"trades":0,"profit_factor":0.0},{"date":"08/07/2024","date_ts":1720396800000,"profit_abs":0.0,"wins":0,"draws":0,"losses":0,"trades":0,"profit_factor":0.0},{"date":"15/07/2024","date_ts":1721001600000,"profit_abs":0.0,"wins":0,"draws":0,"losses":0,"trades":0,"profit_factor":0.0},{"date":"22/07/2024","date_ts":1721606400000,"profit_abs":0.0,"wins":0,"draws":0,"losses":0,"trades":0,"profit_factor":0.0},{"date":"29/07/2024","date_ts":1722211200000,"profit_abs":0.0,"wins":0,"draws":0,"losses":0,"trades":0,"profit_factor":0.0},{"date":"05/08/2024","date_ts":1722816000000,"profit_abs":0.0,"wins":0,"draws":0,"losses":0,"trades":0,"profit_factor":0.0},{"date":"12/08/2024","date_ts":1723420800000,"profit_abs":3.1316091,"wins":1,"draws":0,"losses":0,"trades":1,"profit_factor":0.0},{"date":"19/08/2024","date_ts":1724025600000,"profit_abs":0.0,"wins":0,"draws":0,"losses":0,"trades":0,"profit_factor":0.0},{"date":"26/08/2024","date_ts":1724630400000,"profit_abs":3.1651464,"wins":1,"draws":0,"losses":0,"trades":1,"profit_factor":0.0}],"month":[{"date":"29/02/2024","date_ts":1709164800000,"profit_abs":-32.88137971,"wins":0,"draws":0,"losses":1,"trades":1,"profit_factor":0.0},{"date":"31/03/2024","date_ts":1711843200000,"profit_abs":0.0,"wins":0,"draws":0,"losses":0,"trades":0,"profit_factor":0.0},{"date":"30/04/2024","date_ts":1714435200000,"profit_abs":0.0,"wins":0,"draws":0,"losses":0,"trades":0,"profit_factor":0.0},{"date":"31/05/2024","date_ts":1717113600000,"profit_abs":0.0,"wins":0,"draws":0,"losses":0,"trades":0,"profit_factor":0.0},{"date":"30/06/2024","date_ts":1719705600000,"profit_abs":0.0,"wins":0,"draws":0,"losses":0,"trades":0,"profit_factor":0.0},{"date":"31/07/2024","date_ts":1722384000000,"profit_abs":0.0,"wins":0,"draws":0,"losses":0,"trades":0,"profit_factor":0.0},{"date":"31/08/2024","date_ts":1725062400000,"profit_abs":6.2967555,"wins":2,"draws":0,"losses":0,"trades":2,"profit_factor":0.0}],"year":[{"date":"31/12/2024","date_ts":1735603200000,"profit_abs":-26.58462421,"wins":2,"draws":0,"losses":1,"trades":3,"profit_factor":0.19149913}]},"backtest_best_day":0.010005002501250625,"backtest_worst_day":-0.10109970122394075,"backtest_best_day_abs":3.1651464,"backtest_worst_day_abs":-32.88137971,"winning_days":2,"draw_days":186,"losing_days":1,"daily_profit":[["2024-02-14",-32.88137971],["2024-02-15",0.0],["2024-02-16",0.0],["2024-02-17",0.0],["2024-02-18",0.0],["2024-02-19",0.0],["2024-02-20",0.0],["2024-02-21",0.0],["2024-02-22",0.0],["2024-02-23",0.0],["2024-02-24",0.0],["2024-02-25",0.0],["2024-02-26",0.0],["2024-02-27",0.0],["2024-02-28",0.0],["2024-02-29",0.0],["2024-03-01",0.0],["2024-03-02",0.0],["2024-03-03",0.0],["2024-03-04",0.0],["2024-03-05",0.0],["2024-03-06",0.0],["2024-03-07",0.0],["2024-03-08",0.0],["2024-03-09",0.0],["2024-03-10",0.0],["2024-03-11",0.0],["2024-03-12",0.0],["2024-03-13",0.0],["2024-03-14",0.0],["2024-03-15",0.0],["2024-03-16",0.0],["2024-03-17",0.0],["2024-03-18",0.0],["2024-03-19",0.0],["2024-03-20",0.0],["2024-03-21",0.0],["2024-03-22",0.0],["2024-03-23",0.0],["2024-03-24",0.0],["2024-03-25",0.0],["2024-03-26",0.0],["2024-03-27",0.0],["2024-03-28",0.0],["2024-03-29",0.0],["2024-03-30",0.0],["2024-03-31",0.0],["2024-04-01",0.0],["2024-04-02",0.0],["2024-04-03",0.0],["2024-04-04",0.0],["2024-04-05",0.0],["2024-04-06",0.0],["2024-04-07",0.0],["2024-04-08",0.0],["2024-04-09",0.0],["2024-04-10",0.0],["2024-04-11",0.0],["2024-04-12",0.0],["2024-04-13",0.0],["2024-04-14",0.0],["2024-04-15",0.0],["2024-04-16",0.0],["2024-04-17",0.0],["2024-04-18",0.0],["2024-04-19",0.0],["2024-04-20",0.0],["2024-04-21",0.0],["2024-04-22",0.0],["2024-04-23",0.0],["2024-04-24",0.0],["2024-04-25",0.0],["2024-04-26",0.0],["2024-04-27",0.0],["2024-04-28",0.0],["2024-04-29",0.0],["2024-04-30",0.0],["2024-05-01",0.0],["2024-05-02",0.0],["2024-05-03",0.0],["2024-05-04",0.0],["2024-05-05",0.0],["2024-05-06",0.0],["2024-05-07",0.0],["2024-05-08",0.0],["2024-05-09",0.0],["2024-05-10",0.0],["2024-05-11",0.0],["2024-05-12",0.0],["2024-05-13",0.0],["2024-05-14",0.0],["2024-05-15",0.0],["2024-05-16",0.0],["2024-05-17",0.0],["2024-05-18",0.0],["2024-05-19",0.0],["2024-05-20",0.0],["2024-05-21",0.0],["2024-05-22",0.0],["2024-05-23",0.0],["2024-05-24",0.0],["2024-05-25",0.0],["2024-05-26",0.0],["2024-05-27",0.0],["2024-05-28",0.0],["2024-05-29",0.0],["2024-05-30",0.0],["2024-05-31",0.0],["2024-06-01",0.0],["2024-06-02",0.0],["2024-06-03",0.0],["2024-06-04",0.0],["2024-06-05",0.0],["2024-06-06",0.0],["2024-06-07",0.0],["2024-06-08",0.0],["2024-06-09",0.0],["2024-06-10",0.0],["2024-06-11",0.0],["2024-06-12",0.0],["2024-06-13",0.0],["2024-06-14",0.0],["2024-06-15",0.0],["2024-06-16",0.0],["2024-06-17",0.0],["2024-06-18",0.0],["2024-06-19",0.0],["2024-06-20",0.0],["2024-06-21",0.0],["2024-06-22",0.0],["2024-06-23",0.0],["2024-06-24",0.0],["2024-06-25",0.0],["2024-06-26",0.0],["2024-06-27",0.0],["2024-06-28",0.0],["2024-06-29",0.0],["2024-06-30",0.0],["2024-07-01",0.0],["2024-07-02",0.0],["2024-07-03",0.0],["2024-07-04",0.0],["2024-07-05",0.0],["2024-07-06",0.0],["2024-07-07",0.0],["2024-07-08",0.0],["2024-07-09",0.0],["2024-07-10",0.0],["2024-07-11",0.0],["2024-07-12",0.0],["2024-07-13",0.0],["2024-07-14",0.0],["2024-07-15",0.0],["2024-07-16",0.0],["2024-07-17",0.0],["2024-07-18",0.0],["2024-07-19",0.0],["2024-07-20",0.0],["2024-07-21",0.0],["2024-07-22",0.0],["2024-07-23",0.0],["2024-07-24",0.0],["2024-07-25",0.0],["2024-07-26",0.0],["2024-07-27",0.0],["2024-07-28",0.0],["2024-07-29",0.0],["2024-07-30",0.0],["2024-07-31",0.0],["2024-08-01",0.0],["2024-08-02",0.0],["2024-08-03",0.0],["2024-08-04",0.0],["2024-08-05",0.0],["2024-08-06",0.0],["2024-08-07",0.0],["2024-08-08",0.0],["2024-08-09",3.1316091],["2024-08-10",0.0],["2024-08-11",0.0],["2024-08-12",0.0],["2024-08-13",0.0],["2024-08-14",0.0],["2024-08-15",0.0],["2024-08-16",0.0],["2024-08-17",0.0],["2024-08-18",0.0],["2024-08-19",0.0],["2024-08-20",3.1651464]],"wins":2,"losses":1,"draws":0,"winrate":0.6666666666666666,"holding_avg":"1 day, 16:40:00","holding_avg_s":146400.0,"winner_holding_avg":"3:00:00","winner_holding_avg_s":10800.0,"loser_holding_avg":"4 days, 20:00:00","loser_holding_avg_s":417600.0,"max_consecutive_wins":2,"max_consecutive_losses":1,"max_drawdown_account":0.03288137971000003,"max_relative_drawdown":0.03288137971000003,"max_drawdown_abs":32.88137971,"drawdown_start":"2024-02-14 12:00:00","drawdown_start_ts":1707912000000.0,"drawdown_end":"2024-02-14 12:00:00","drawdown_end_ts":1707912000000.0,"max_drawdown_low":-32.88137971,"max_drawdown_high":-32.88137971,"csum_min":967.11862029,"csum_max":973.41537579}},"strategy_comparison":[{"key":"advanced","trades":3,"profit_mean":-0.027029898740479837,"profit_mean_pct":-2.7,"profit_sum":-0.08108969622143951,"profit_sum_pct":-8.11,"profit_total_abs":-26.584624209999998,"profit_total":-0.026584624209999998,"profit_total_pct":-2.66,"duration_avg":"1 day, 16:40:00","wins":2,"draws":0,"losses":1,"winrate":0.6666666666666666,"cagr":-0.022405777940802563,"expectancy":-8.861541403333332,"expectancy_ratio":-0.269500291091445,"sortino":-100,"sharpe":-0.06890202813216294,"calmar":-3.5590754597927607,"sqn":-0.7379,"profit_factor":0.19149912672566502,"max_drawdown_account":0.03288137971000003,"max_drawdown_abs":"32.881"}]}