{"strategy":{"advanced":{"trades":[{"pair":"BTC/USDT:USDT","stake_amount":329.39769,"max_stake_amount":329.39769,"amount":0.0041,"open_date":"2025-02-28 10:00:00+00:00","close_date":"2025-02-28 13:00:00+00:00","open_rate":80340.9,"close_rate":81225.09199599798,"fee_open":0.0005,"fee_close":0.0005,"trade_duration":180,"profit_ratio":0.009995002498750625,"profit_abs":3.2939769,"exit_reason":"roi","initial_stop_loss_abs":72306.9,"initial_stop_loss_ratio":-0.1,"stop_loss_abs":72306.9,"stop_loss_ratio":-0.1,"min_rate":79538.5,"max_rate":81756.7,"is_open":false,"enter_tag":"long1","leverage":1.0,"is_short":false,"open_timestamp":1740736800000,"close_timestamp":1740747600000,"orders":[{"amount":0.0041,"safe_price":80340.9,"ft_order_side":"buy","order_filled_timestamp":1740736800000,"ft_is_entry":true,"ft_order_tag":"long1","cost":329.562388845},{"amount":0.0041,"safe_price":81225.09199599798,"ft_order_side":"sell","order_filled_timestamp":1740747600000,"ft_is_entry":false,"ft_order_tag":"roi","cost":333.1893886221835}]},{"pair":"BTC/USDT:USDT","stake_amount":323.97183,"max_stake_amount":323.97183,"amount":0.0039,"open_date":"2025-03-09 21:00:00+00:00","close_date":"2025-03-10 09:00:00+00:00","open_rate":83069.7,"close_rate":83983.92381190594,"fee_open":0.0005,"fee_close":0.0005,"trade_duration":720,"profit_ratio":0.00995997733493687,"profit_abs":3.22836546,"exit_reason":"roi","initial_stop_loss_abs":74762.8,"initial_stop_loss_ratio":-0.1,"stop_loss_abs":74762.8,"stop_loss_ratio":-0.1,"min_rate":79940.0,"max_rate":84084.5,"is_open":false,"enter_tag":"long1","leverage":1.0,"is_short":false,"open_timestamp":1741554000000,"close_timestamp":1741597200000,"orders":[{"amount":0.0039,"safe_price":83069.7,"ft_order_side":"buy","order_filled_timestamp":1741554000000,"ft_is_entry":true,"ft_order_tag":"long1","cost":324.13381591499996},{"amount":0.0039,"safe_price":83983.92381190594,"ft_order_side":"sell","order_filled_timestamp":1741597200000,"ft_is_entry":false,"ft_order_tag":"roi","cost":327.70107151786635}]},{"pair":"BTC/USDT:USDT","stake_amount":332.11542,"max_stake_amount":332.11542,"amount":0.0042,"open_date":"2025-03-10 20:00:00+00:00","close_date":"2025-03-11 04:00:00+00:00","open_rate":79075.1,"close_rate":79945.36123061531,"fee_open":0.0005,"fee_close":0.0005,"trade_duration":480,"profit_ratio":0.009961806817558828,"profit_abs":3.31012389,"exit_reason":"roi","initial_stop_loss_abs":71167.6,"initial_stop_loss_ratio":-0.1,"stop_loss_abs":71167.6,"stop_loss_ratio":-0.1,"min_rate":76600.0,"max_rate":80258.6,"is_open":false,"enter_tag":"long1","leverage":1.0,"is_short":false,"open_timestamp":1741636800000,"close_timestamp":1741665600000,"orders":[{"amount":0.0042,"safe_price":79075.1,"ft_order_side":"buy","order_filled_timestamp":1741636800000,"ft_is_entry":true,"ft_order_tag":"long1","cost":332.28147771},{"amount":0.0042,"safe_price":79945.36123061531,"ft_order_side":"sell","order_filled_timestamp":1741665600000,"ft_is_entry":false,"ft_order_tag":"roi","cost":335.9384024271685}]},{"pair":"BTC/USDT:USDT","stake_amount":331.40587,"max_stake_amount":331.40587,"amount":0.0041,"open_date":"2025-03-13 19:00:00+00:00","close_date":"2025-03-14 01:00:00+00:00","open_rate":80830.7,"close_rate":81720.28249124561,"fee_open":0.0005,"fee_close":0.0005,"trade_duration":360,"profit_ratio":0.009934616924007988,"profit_abs":3.29403656,"exit_reason":"roi","initial_stop_loss_abs":72747.7,"initial_stop_loss_ratio":-0.1,"stop_loss_abs":72747.7,"stop_loss_ratio":-0.1,"min_rate":80140.1,"max_rate":81884.2,"is_open":false,"enter_tag":"long1","leverage":1.0,"is_short":false,"open_timestamp":1741892400000,"close_timestamp":1741914000000,"orders":[{"amount":0.0041,"safe_price":80830.7,"ft_order_side":"buy","order_filled_timestamp":1741892400000,"ft_is_entry":true,"ft_order_tag":"long1","cost":331.57157293499995},{"amount":0.0041,"safe_price":81720.28249124561,"ft_order_side":"sell","order_filled_timestamp":1741914000000,"ft_is_entry":false,"ft_order_tag":"roi","cost":335.2206847932141}]},{"pair":"BTC/USDT:USDT","stake_amount":332.475,"max_stake_amount":332.475,"amount":0.0039,"open_date":"2025-03-28 12:00:00+00:00","close_date":"2025-04-02 15:00:00+00:00","open_rate":85250.0,"close_rate":86188.21910955478,"fee_open":0.0005,"fee_close":0.0005,"trade_duration":7380,"profit_ratio":0.009350777742942951,"profit_abs":3.11045428,"exit_reason":"roi","initial_stop_loss_abs":76725.0,"initial_stop_loss_ratio":-0.1,"stop_loss_abs":76725.0,"stop_loss_ratio":-0.1,"min_rate":81260.9,"max_rate":87357.0,"is_open":false,"enter_tag":"long1","leverage":1.0,"is_short":false,"open_timestamp":1743163200000,"close_timestamp":1743606000000,"orders":[{"amount":0.0039,"safe_price":85250.0,"ft_order_side":"buy","order_filled_timestamp":1743163200000,"ft_is_entry":true,"ft_order_tag":"long1","cost":332.64123749999993},{"amount":0.0039,"safe_price":86188.21910955478,"ft_order_side":"sell","order_filled_timestamp":1743606000000,"ft_is_entry":false,"ft_order_tag":"roi","cost":336.3021215545272}]},{"pair":"BTC/USDT:USDT","stake_amount":332.33844,"max_stake_amount":332.33844,"amount":0.0042,"open_date":"2025-04-07 02:00:00+00:00","close_date":"2025-04-07 14:00:00+00:00","open_rate":79128.2,"close_rate":79999.04562281139,"fee_open":0.0005,"fee_close":0.0005,"trade_duration":720,"profit_ratio":0.009958005748453364,"profit_abs":3.31108281,"exit_reason":"roi","initial_stop_loss_abs":71215.4,"initial_stop_loss_ratio":-0.1,"stop_loss_abs":71215.4,"stop_loss_ratio":-0.1,"min_rate":74505.2,"max_rate":81233.5,"is_open":false,"enter_tag":"long1","leverage":1.0,"is_short":false,"open_timestamp":1743991200000,"close_timestamp":1744034400000,"orders":[{"amount":0.0042,"safe_price":79128.2,"ft_order_side":"buy","order_filled_timestamp":1743991200000,"ft_is_entry":true,"ft_order_tag":"long1","cost":332.50460921999996},{"amount":0.0042,"safe_price":79999.04562281139,"ft_order_side":"sell","order_filled_timestamp":1744034400000,"ft_is_entry":false,"ft_order_tag":"roi","cost":336.1639896116157}]},{"pair":"BTC/USDT:USDT","stake_amount":336.24756,"max_stake_amount":336.24756,"amount":0.0044,"open_date":"2025-04-09 05:00:00+00:00","close_date":"2025-04-09 06:00:00+00:00","open_rate":76419.9,"close_rate":77260.93941970983,"fee_open":0.0005,"fee_close":0.0005,"trade_duration":60,"profit_ratio":0.009995002498750623,"profit_abs":3.3624756,"exit_reason":"roi","initial_stop_loss_abs":68778.0,"initial_stop_loss_ratio":-0.1,"stop_loss_abs":68778.0,"stop_loss_ratio":-0.1,"min_rate":76211.8,"max_rate":77324.2,"is_open":false,"enter_tag":"long1","leverage":1.0,"is_short":false,"open_timestamp":1744174800000,"close_timestamp":1744178400000,"orders":[{"amount":0.0044,"safe_price":76419.9,"ft_order_side":"buy","order_filled_timestamp":1744174800000,"ft_is_entry":true,"ft_order_tag":"long1","cost":336.41568378},{"amount":0.0044,"safe_price":77260.93941970983,"ft_order_side":"sell","order_filled_timestamp":1744178400000,"ft_is_entry":false,"ft_order_tag":"roi","cost":340.1181075134466}]},{"pair":"BTC/USDT:USDT","stake_amount":334.5044,"max_stake_amount":334.5044,"amount":0.004,"open_date":"2025-04-16 02:00:00+00:00","close_date":"2025-04-16 14:00:00+00:00","open_rate":83626.1,"close_rate":84546.44727363682,"fee_open":0.0005,"fee_close":0.0005,"trade_duration":720,"profit_ratio":0.009985942245275114,"profit_abs":3.34201179,"exit_reason":"roi","initial_stop_loss_abs":75263.5,"initial_stop_loss_ratio":-0.1,"stop_loss_abs":75263.5,"stop_loss_ratio":-0.1,"min_rate":83124.9,"max_rate":84850.6,"is_open":false,"enter_tag":"long1","leverage":1.0,"is_short":false,"open_timestamp":1744768800000,"close_timestamp":1744812000000,"orders":[{"amount":0.004,"safe_price":83626.1,"ft_order_side":"buy","order_filled_timestamp":1744768800000,"ft_is_entry":true,"ft_order_tag":"long1","cost":334.67165220000004},{"amount":0.004,"safe_price":84546.44727363682,"ft_order_side":"sell","order_filled_timestamp":1744812000000,"ft_is_entry":false,"ft_order_tag":"roi","cost":338.3548819890945}]}],"locks":[],"best_pair":{"key":"BTC/USDT:USDT","trades":8,"profit_mean":0.009892641476334545,"profit_mean_pct":0.99,"profit_sum":0.07914113181067636,"profit_sum_pct":7.91,"profit_total_abs":26.252527289999996,"profit_total":0.026252527289999997,"profit_total_pct":2.63,"duration_avg":"22:08:00","wins":8,"draws":0,"losses":0,"winrate":1.0,"cagr":0.21780881666622087,"expectancy":3.2815659112499995,"expectancy_ratio":100.0,"sortino":-100,"sharpe":140.40754612425636,"calmar":-100,"sqn":116.666,"profit_factor":0.0,"max_drawdown_account":0.0,"max_drawdown_abs":0.0},"worst_pair":{"key":"BTC/USDT:USDT","trades":8,"profit_mean":0.009892641476334545,"profit_mean_pct":0.99,"profit_sum":0.07914113181067636,"profit_sum_pct":7.91,"profit_total_abs":26.252527289999996,"profit_total":0.026252527289999997,"profit_total_pct":2.63,"duration_avg":"22:08:00","wins":8,"draws":0,"losses":0,"winrate":1.0,"cagr":0.21780881666622087,"expectancy":3.2815659112499995,"expectancy_ratio":100.0,"sortino":-100,"sharpe":140.40754612425636,"calmar":-100,"sqn":116.666,"profit_factor":0.0,"max_drawdown_account":0.0,"max_drawdown_abs":0.0},"results_per_pair":[{"key":"BTC/USDT:USDT","trades":8,"profit_mean":0.009892641476334545,"profit_mean_pct":0.99,"profit_sum":0.07914113181067636,"profit_sum_pct":7.91,"profit_total_abs":26.252527289999996,"profit_total":0.026252527289999997,"profit_total_pct":2.63,"duration_avg":"22:08:00","wins":8,"draws":0,"losses":0,"winrate":1.0,"cagr":0.21780881666622087,"expectancy":3.2815659112499995,"expectancy_ratio":100.0,"sortino":-100,"sharpe":140.40754612425636,"calmar":-100,"sqn":116.666,"profit_factor":0.0,"max_drawdown_account":0.0,"max_drawdown_abs":0.0},{"key":"TOTAL","trades":8,"profit_mean":0.009892641476334545,"profit_mean_pct":0.99,"profit_sum":0.07914113181067636,"profit_sum_pct":7.91,"profit_total_abs":26.252527289999996,"profit_total":0.026252527289999997,"profit_total_pct":2.63,"duration_avg":"22:08:00","wins":8,"draws":0,"losses":0,"winrate":1.0,"cagr":0.21780881666622087,"expectancy":3.2815659112499995,"expectancy_ratio":100.0,"sortino":-100,"sharpe":140.40754612425636,"calmar":-100,"sqn":116.666,"profit_factor":0.0,"max_drawdown_account":0.0,"max_drawdown_abs":0.0}],"results_per_enter_tag":[{"key":"long1","trades":8,"profit_mean":0.009892641476334545,"profit_mean_pct":0.99,"profit_sum":0.07914113181067636,"profit_sum_pct":7.91,"profit_total_abs":26.252527289999996,"profit_total":0.026252527289999997,"profit_total_pct":2.63,"duration_avg":"22:08:00","wins":8,"draws":0,"losses":0,"winrate":1.0,"cagr":0.21780881666622087,"expectancy":3.2815659112499995,"expectancy_ratio":100.0,"sortino":-100,"sharpe":140.40754612425636,"calmar":-100,"sqn":116.666,"profit_factor":0.0,"max_drawdown_account":0.0,"max_drawdown_abs":0.0},{"key":"TOTAL","trades":8,"profit_mean":0.009892641476334545,"profit_mean_pct":0.99,"profit_sum":0.07914113181067636,"profit_sum_pct":7.91,"profit_total_abs":26.252527289999996,"profit_total":0.026252527289999997,"profit_total_pct":2.63,"duration_avg":"22:08:00","wins":8,"draws":0,"losses":0,"winrate":1.0,"cagr":0.21780881666622087,"expectancy":3.2815659112499995,"expectancy_ratio":100.0,"sortino":-100,"sharpe":140.40754612425636,"calmar":-100,"sqn":116.666,"profit_factor":0.0,"max_drawdown_account":0.0,"max_drawdown_abs":0.0}],"exit_reason_summary":[{"key":"roi","trades":8,"profit_mean":0.009892641476334545,"profit_mean_pct":0.99,"profit_sum":0.07914113181067636,"profit_sum_pct":7.91,"profit_total_abs":26.252527289999996,"profit_total":0.026252527289999997,"profit_total_pct":2.63,"duration_avg":"22:08:00","wins":8,"draws":0,"losses":0,"winrate":1.0,"cagr":0.21780881666622087,"expectancy":3.2815659112499995,"expectancy_ratio":100.0,"sortino":-100,"sharpe":140.40754612425636,"calmar":-100,"sqn":116.666,"profit_factor":0.0,"max_drawdown_account":0.0,"max_drawdown_abs":0.0},{"key":"TOTAL","trades":8,"profit_mean":0.009892641476334545,"profit_mean_pct":0.99,"profit_sum":0.07914113181067636,"profit_sum_pct":7.91,"profit_total_abs":26.252527289999996,"profit_total":0.026252527289999997,"profit_total_pct":2.63,"duration_avg":"22:08:00","wins":8,"draws":0,"losses":0,"winrate":1.0,"cagr":0.21780881666622087,"expectancy":3.2815659112499995,"expectancy_ratio":100.0,"sortino":-100,"sharpe":140.40754612425636,"calmar":-100,"sqn":116.666,"profit_factor":0.0,"max_drawdown_account":0.0,"max_drawdown_abs":0.0}],"mix_tag_stats":[{"key":["long1","roi"],"trades":8,"profit_mean":0.009892641476334545,"profit_mean_pct":0.99,"profit_sum":0.07914113181067636,"profit_sum_pct":7.91,"profit_total_abs":26.252527289999996,"profit_total":0.026252527289999997,"profit_total_pct":2.63,"duration_avg":"22:08:00","wins":8,"draws":0,"losses":0,"winrate":1.0,"cagr":0.21780881666622087,"expectancy":3.2815659112499995,"expectancy_ratio":100.0,"sortino":-100,"sharpe":140.40754612425636,"calmar":-100,"sqn":116.666,"profit_factor":0.0,"max_drawdown_account":0.0,"max_drawdown_abs":0.0},{"key":"TOTAL","trades":8,"profit_mean":0.009892641476334545,"profit_mean_pct":0.99,"profit_sum":0.07914113181067636,"profit_sum_pct":7.91,"profit_total_abs":26.252527289999996,"profit_total":0.026252527289999997,"profit_total_pct":2.63,"duration_avg":"22:08:00","wins":8,"draws":0,"losses":0,"winrate":1.0,"cagr":0.21780881666622087,"expectancy":3.2815659112499995,"expectancy_ratio":100.0,"sortino":-100,"sharpe":140.40754612425636,"calmar":-100,"sqn":116.666,"profit_factor":0.0,"max_drawdown_account":0.0,"max_drawdown_abs":0.0}],"left_open_trades":[{"key":"TOTAL","trades":0,"profit_mean":0.0,"profit_mean_pct":0.0,"profit_sum":0.0,"profit_sum_pct":0.0,"profit_total_abs":0.0,"profit_total":0.0,"profit_total_pct":0.0,"duration_avg":"0:00","wins":0,"draws":0,"losses":0,"winrate":0.0,"cagr":0.0,"expectancy":0.0,"expectancy_ratio":100.0,"sortino":0,"sharpe":0,"calmar":0,"sqn":0.0,"profit_factor":0.0,"max_drawdown_account":0.0,"max_drawdown_abs":0.0}],"total_trades":8,"trade_count_long":8,"trade_count_short":0,"total_volume":5336.771086134117,"avg_stake_amount":331.55702625,"profit_mean":0.009892641476334545,"profit_median":0.009960892076247849,"profit_total":0.026252527289999997,"profit_total_long":0.026252527289999997,"profit_total_short":0.0,"profit_total_abs":26.252527289999996,"profit_total_long_abs":26.252527289999996,"profit_total_short_abs":0.0,"cagr":0.21780881666622087,"expectancy":3.2815659112499995,"expectancy_ratio":100.0,"sortino":-100,"sharpe":140.40754612425636,"calmar":-100,"sqn":116.666,"profit_factor":0.0,"backtest_start":"2025-02-28 00:00:00","backtest_start_ts":1740700800000,"backtest_end":"2025-04-17 08:00:00","backtest_end_ts":1744876800000,"backtest_days":48,"backtest_run_start_ts":1745429607,"backtest_run_end_ts":1745429607,"trades_per_day":0.17,"market_change":0.00236541860075939,"pairlist":["BTC/USDT:USDT"],"stake_amount":"unlimited","stake_currency":"USDT","stake_currency_decimals":3,"starting_balance":1000,"dry_run_wallet":1000,"final_balance":1026.25252729,"rejected_signals":0,"timedout_entry_orders":0,"timedout_exit_orders":0,"canceled_trade_entries":0,"canceled_entry_orders":0,"replaced_entry_orders":0,"max_open_trades":1,"max_open_trades_setting":3,"timeframe":"1h","timeframe_detail":"","timerange":"20250228-","enable_protections":false,"strategy_name":"advanced","stoploss":-0.1,"trailing_stop":false,"trailing_stop_positive":null,"trailing_stop_positive_offset":0.0,"trailing_only_offset_is_reached":false,"use_custom_stoploss":true,"minimal_roi":{"60":0.01,"30":0.02,"0":0.04},"use_exit_signal":true,"exit_profit_only":false,"exit_profit_offset":0.0,"ignore_roi_if_entry_signal":false,"trading_mode":"futures","margin_mode":"isolated","periodic_breakdown":{"day":[{"date":"28/02/2025","date_ts":1740700800000,"profit_abs":3.2939769,"wins":1,"draws":0,"losses":0,"trades":1,"profit_factor":0.0},{"date":"01/03/2025","date_ts":1740787200000,"profit_abs":0.0,"wins":0,"draws":0,"losses":0,"trades":0,"profit_factor":0.0},{"date":"02/03/2025","date_ts":1740873600000,"profit_abs":0.0,"wins":0,"draws":0,"losses":0,"trades":0,"profit_factor":0.0},{"date":"03/03/2025","date_ts":1740960000000,"profit_abs":0.0,"wins":0,"draws":0,"losses":0,"trades":0,"profit_factor":0.0},{"date":"04/03/2025","date_ts":1741046400000,"profit_abs":0.0,"wins":0,"draws":0,"losses":0,"trades":0,"profit_factor":0.0},{"date":"05/03/2025","date_ts":1741132800000,"profit_abs":0.0,"wins":0,"draws":0,"losses":0,"trades":0,"profit_factor":0.0},{"date":"06/03/2025","date_ts":1741219200000,"profit_abs":0.0,"wins":0,"draws":0,"losses":0,"trades":0,"profit_factor":0.0},{"date":"07/03/2025","date_ts":1741305600000,"profit_abs":0.0,"wins":0,"draws":0,"losses":0,"trades":0,"profit_factor":0.0},{"date":"08/03/2025","date_ts":1741392000000,"profit_abs":0.0,"wins":0,"draws":0,"losses":0,"trades":0,"profit_factor":0.0},{"date":"09/03/2025","date_ts":1741478400000,"profit_abs":0.0,"wins":0,"draws":0,"losses":0,"trades":0,"profit_factor":0.0},{"date":"10/03/2025","date_ts":1741564800000,"profit_abs":3.22836546,"wins":1,"draws":0,"losses":0,"trades":1,"profit_factor":0.0},{"date":"11/03/2025","date_ts":1741651200000,"profit_abs":3.31012389,"wins":1,"draws":0,"losses":0,"trades":1,"profit_factor":0.0},{"date":"12/03/2025","date_ts":1741737600000,"profit_abs":0.0,"wins":0,"draws":0,"losses":0,"trades":0,"profit_factor":0.0},{"date":"13/03/2025","date_ts":1741824000000,"profit_abs":0.0,"wins":0,"draws":0,"losses":0,"trades":0,"profit_factor":0.0},{"date":"14/03/2025","date_ts":1741910400000,"profit_abs":3.29403656,"wins":1,"draws":0,"losses":0,"trades":1,"profit_factor":0.0},{"date":"15/03/2025","date_ts":1741996800000,"profit_abs":0.0,"wins":0,"draws":0,"losses":0,"trades":0,"profit_factor":0.0},{"date":"16/03/2025","date_ts":1742083200000,"profit_abs":0.0,"wins":0,"draws":0,"losses":0,"trades":0,"profit_factor":0.0},{"date":"17/03/2025","date_ts":1742169600000,"profit_abs":0.0,"wins":0,"draws":0,"losses":0,"trades":0,"profit_factor":0.0},{"date":"18/03/2025","date_ts":1742256000000,"profit_abs":0.0,"wins":0,"draws":0,"losses":0,"trades":0,"profit_factor":0.0},{"date":"19/03/2025","date_ts":1742342400000,"profit_abs":0.0,"wins":0,"draws":0,"losses":0,"trades":0,"profit_factor":0.0},{"date":"20/03/2025","date_ts":1742428800000,"profit_abs":0.0,"wins":0,"draws":0,"losses":0,"trades":0,"profit_factor":0.0},{"date":"21/03/2025","date_ts":1742515200000,"profit_abs":0.0,"wins":0,"draws":0,"losses":0,"trades":0,"profit_factor":0.0},{"date":"22/03/2025","date_ts":1742601600000,"profit_abs":0.0,"wins":0,"draws":0,"losses":0,"trades":0,"profit_factor":0.0},{"date":"23/03/2025","date_ts":1742688000000,"profit_abs":0.0,"wins":0,"draws":0,"losses":0,"trades":0,"profit_factor":0.0},{"date":"24/03/2025","date_ts":1742774400000,"profit_abs":0.0,"wins":0,"draws":0,"losses":0,"trades":0,"profit_factor":0.0},{"date":"25/03/2025","date_ts":1742860800000,"profit_abs":0.0,"wins":0,"draws":0,"losses":0,"trades":0,"profit_factor":0.0},{"date":"26/03/2025","date_ts":1742947200000,"profit_abs":0.0,"wins":0,"draws":0,"losses":0,"trades":0,"profit_factor":0.0},{"date":"27/03/2025","date_ts":1743033600000,"profit_abs":0.0,"wins":0,"draws":0,"losses":0,"trades":0,"profit_factor":0.0},{"date":"28/03/2025","date_ts":1743120000000,"profit_abs":0.0,"wins":0,"draws":0,"losses":0,"trades":0,"profit_factor":0.0},{"date":"29/03/2025","date_ts":1743206400000,"profit_abs":0.0,"wins":0,"draws":0,"losses":0,"trades":0,"profit_factor":0.0},{"date":"30/03/2025","date_ts":1743292800000,"profit_abs":0.0,"wins":0,"draws":0,"losses":0,"trades":0,"profit_factor":0.0},{"date":"31/03/2025","date_ts":1743379200000,"profit_abs":0.0,"wins":0,"draws":0,"losses":0,"trades":0,"profit_factor":0.0},{"date":"01/04/2025","date_ts":1743465600000,"profit_abs":0.0,"wins":0,"draws":0,"losses":0,"trades":0,"profit_factor":0.0},{"date":"02/04/2025","date_ts":1743552000000,"profit_abs":3.11045428,"wins":1,"draws":0,"losses":0,"trades":1,"profit_factor":0.0},{"date":"03/04/2025","date_ts":1743638400000,"profit_abs":0.0,"wins":0,"draws":0,"losses":0,"trades":0,"profit_factor":0.0},{"date":"04/04/2025","date_ts":1743724800000,"profit_abs":0.0,"wins":0,"draws":0,"losses":0,"trades":0,"profit_factor":0.0},{"date":"05/04/2025","date_ts":1743811200000,"profit_abs":0.0,"wins":0,"draws":0,"losses":0,"trades":0,"profit_factor":0.0},{"date":"06/04/2025","date_ts":1743897600000,"profit_abs":0.0,"wins":0,"draws":0,"losses":0,"trades":0,"profit_factor":0.0},{"date":"07/04/2025","date_ts":1743984000000,"profit_abs":3.31108281,"wins":1,"draws":0,"losses":0,"trades":1,"profit_factor":0.0},{"date":"08/04/2025","date_ts":1744070400000,"profit_abs":0.0,"wins":0,"draws":0,"losses":0,"trades":0,"profit_factor":0.0},{"date":"09/04/2025","date_ts":1744156800000,"profit_abs":3.3624756,"wins":1,"draws":0,"losses":0,"trades":1,"profit_factor":0.0},{"date":"10/04/2025","date_ts":1744243200000,"profit_abs":0.0,"wins":0,"draws":0,"losses":0,"trades":0,"profit_factor":0.0},{"date":"11/04/2025","date_ts":1744329600000,"profit_abs":0.0,"wins":0,"draws":0,"losses":0,"trades":0,"profit_factor":0.0},{"date":"12/04/2025","date_ts":1744416000000,"profit_abs":0.0,"wins":0,"draws":0,"losses":0,"trades":0,"profit_factor":0.0},{"date":"13/04/2025","date_ts":1744502400000,"profit_abs":0.0,"wins":0,"draws":0,"losses":0,"trades":0,"profit_factor":0.0},{"date":"14/04/2025","date_ts":1744588800000,"profit_abs":0.0,"wins":0,"draws":0,"losses":0,"trades":0,"profit_factor":0.0},{"date":"15/04/2025","date_ts":1744675200000,"profit_abs":0.0,"wins":0,"draws":0,"losses":0,"trades":0,"profit_factor":0.0},{"date":"16/04/2025","date_ts":1744761600000,"profit_abs":3.34201179,"wins":1,"draws":0,"losses":0,"trades":1,"profit_factor":0.0}],"week":[{"date":"03/03/2025","date_ts":1740960000000,"profit_abs":3.2939769,"wins":1,"draws":0,"losses":0,"trades":1,"profit_factor":0.0},{"date":"10/03/2025","date_ts":1741564800000,"profit_abs":3.22836546,"wins":1,"draws":0,"losses":0,"trades":1,"profit_factor":0.0},{"date":"17/03/2025","date_ts":1742169600000,"profit_abs":6.60416045,"wins":2,"draws":0,"losses":0,"trades":2,"profit_factor":0.0},{"date":"24/03/2025","date_ts":1742774400000,"profit_abs":0.0,"wins":0,"draws":0,"losses":0,"trades":0,"profit_factor":0.0},{"date":"31/03/2025","date_ts":1743379200000,"profit_abs":0.0,"wins":0,"draws":0,"losses":0,"trades":0,"profit_factor":0.0},{"date":"07/04/2025","date_ts":1743984000000,"profit_abs":6.42153709,"wins":2,"draws":0,"losses":0,"trades":2,"profit_factor":0.0},{"date":"14/04/2025","date_ts":1744588800000,"profit_abs":3.3624756,"wins":1,"draws":0,"losses":0,"trades":1,"profit_factor":0.0},{"date":"21/04/2025","date_ts":1745193600000,"profit_abs":3.34201179,"wins":1,"draws":0,"losses":0,"trades":1,"profit_factor":0.0}],"month":[{"date":"28/02/2025","date_ts":1740700800000,"profit_abs":3.2939769,"wins":1,"draws":0,"losses":0,"trades":1,"profit_factor":0.0},{"date":"31/03/2025","date_ts":1743379200000,"profit_abs":9.83252591,"wins":3,"draws":0,"losses":0,"trades":3,"profit_factor":0.0},{"date":"30/04/2025","date_ts":1745971200000,"profit_abs":13.12602448,"wins":4,"draws":0,"losses":0,"trades":4,"profit_factor":0.0}],"year":[{"date":"31/12/2025","date_ts":1767139200000,"profit_abs":26.25252729,"wins":8,"draws":0,"losses":0,"trades":8,"profit_factor":0.0}]},"backtest_best_day":0.009995002498750625,"backtest_worst_day":0.0,"backtest_best_day_abs":3.3624756,"backtest_worst_day_abs":0.0,"winning_days":8,"draw_days":40,"losing_days":0,"daily_profit":[["2025-02-28",3.2939769],["2025-03-01",0.0],["2025-03-02",0.0],["2025-03-03",0.0],["2025-03-04",0.0],["2025-03-05",0.0],["2025-03-06",0.0],["2025-03-07",0.0],["2025-03-08",0.0],["2025-03-09",0.0],["2025-03-10",3.22836546],["2025-03-11",3.31012389],["2025-03-12",0.0],["2025-03-13",0.0],["2025-03-14",3.29403656],["2025-03-15",0.0],["2025-03-16",0.0],["2025-03-17",0.0],["2025-03-18",0.0],["2025-03-19",0.0],["2025-03-20",0.0],["2025-03-21",0.0],["2025-03-22",0.0],["2025-03-23",0.0],["2025-03-24",0.0],["2025-03-25",0.0],["2025-03-26",0.0],["2025-03-27",0.0],["2025-03-28",0.0],["2025-03-29",0.0],["2025-03-30",0.0],["2025-03-31",0.0],["2025-04-01",0.0],["2025-04-02",3.11045428],["2025-04-03",0.0],["2025-04-04",0.0],["2025-04-05",0.0],["2025-04-06",0.0],["2025-04-07",3.31108281],["2025-04-08",0.0],["2025-04-09",3.3624756],["2025-04-10",0.0],["2025-04-11",0.0],["2025-04-12",0.0],["2025-04-13",0.0],["2025-04-14",0.0],["2025-04-15",0.0],["2025-04-16",3.34201179]],"wins":8,"losses":0,"draws":0,"winrate":1.0,"holding_avg":"22:08:00","holding_avg_s":79680.0,"winner_holding_avg":"22:08:00","winner_holding_avg_s":79680.0,"loser_holding_avg":"0:00:00","loser_holding_avg_s":0.0,"max_consecutive_wins":8,"max_consecutive_losses":0,"max_drawdown_account":0.0,"max_relative_drawdown":0.0,"max_drawdown_abs":0.0,"drawdown_start":"2025-02-28 13:00:00","drawdown_start_ts":1740747600000.0,"drawdown_end":"2025-02-28 13:00:00","drawdown_end_ts":1740747600000.0,"max_drawdown_low":3.2939769,"max_drawdown_high":3.2939769,"csum_min":1003.2939769,"csum_max":1026.25252729}},"strategy_comparison":[{"key":"advanced","trades":8,"profit_mean":0.009892641476334545,"profit_mean_pct":0.99,"profit_sum":0.07914113181067636,"profit_sum_pct":7.91,"profit_total_abs":26.252527289999996,"profit_total":0.026252527289999997,"profit_total_pct":2.63,"duration_avg":"22:08:00","wins":8,"draws":0,"losses":0,"winrate":1.0,"cagr":0.21780881666622087,"expectancy":3.2815659112499995,"expectancy_ratio":100.0,"sortino":-100,"sharpe":140.40754612425636,"calmar":-100,"sqn":116.666,"profit_factor":0.0,"max_drawdown_account":0.0,"max_drawdown_abs":"0"}]}