{"strategy":{"mini":{"trades":[{"pair":"BTC/USDT:USDT","stake_amount":58.91666,"max_stake_amount":58.91666,"amount":0.0022,"open_date":"2025-02-28 10:00:00+00:00","close_date":"2025-02-28 11:00:00+00:00","open_rate":80340.9,"close_rate":80689.21805902949,"fee_open":0.0005,"fee_close":0.0005,"trade_duration":60,"profit_ratio":0.009995002498750625,"profit_abs":0.5891666,"exit_reason":"roi","initial_stop_loss_abs":77662.9,"initial_stop_loss_ratio":-0.1,"stop_loss_abs":77662.9,"stop_loss_ratio":-0.1,"min_rate":79538.5,"max_rate":80842.1,"is_open":false,"enter_tag":"rsi_cross","leverage":3.0,"is_short":false,"open_timestamp":1740736800000,"close_timestamp":1740740400000,"orders":[{"amount":0.0022,"safe_price":80340.9,"ft_order_side":"buy","order_filled_timestamp":1740736800000,"ft_is_entry":true,"ft_order_tag":"rsi_cross","cost":176.83835498999997},{"amount":0.0022,"safe_price":80689.21805902949,"ft_order_side":"sell","order_filled_timestamp":1740740400000,"ft_is_entry":false,"ft_order_tag":"roi","cost":177.6050378697298}]},{"pair":"BTC/USDT:USDT","stake_amount":58.74554,"max_stake_amount":58.74554,"amount":0.0021,"open_date":"2025-03-04 03:00:00+00:00","close_date":"2025-03-04 05:00:00+00:00","open_rate":83922.2,"close_rate":84286.04478906118,"fee_open":0.0005,"fee_close":0.0005,"trade_duration":120,"profit_ratio":0.009995002498750625,"profit_abs":0.5874554,"exit_reason":"roi","initial_stop_loss_abs":81124.8,"initial_stop_loss_ratio":-0.1,"stop_loss_abs":81124.8,"stop_loss_ratio":-0.1,"min_rate":83301.1,"max_rate":84601.0,"is_open":false,"enter_tag":"rsi_cross","leverage":3.0,"is_short":false,"open_timestamp":1741057200000,"close_timestamp":1741064400000,"orders":[{"amount":0.0021,"safe_price":83922.2,"ft_order_side":"buy","order_filled_timestamp":1741057200000,"ft_is_entry":true,"ft_order_tag":"rsi_cross","cost":176.32473831},{"amount":0.0021,"safe_price":84286.04478906118,"ft_order_side":"sell","order_filled_timestamp":1741064400000,"ft_is_entry":false,"ft_order_tag":"roi","cost":177.089194404057}]},{"pair":"BTC/USDT:USDT","stake_amount":220.12825333,"max_stake_amount":220.12825333,"amount":0.0079,"open_date":"2025-03-09 12:00:00+00:00","close_date":"2025-03-09 21:00:00+00:00","open_rate":83593.0,"close_rate":82184.1,"fee_open":0.0005,"fee_close":0.0005,"trade_duration":540,"profit_ratio":-0.05352450148526483,"profit_abs":-11.78814615,"exit_reason":"stop_loss","initial_stop_loss_abs":82184.1,"initial_stop_loss_ratio":-0.1,"stop_loss_abs":82184.1,"stop_loss_ratio":-0.1,"min_rate":81542.0,"max_rate":85063.9,"is_open":false,"enter_tag":"rsi_cross","leverage":3.0,"is_short":false,"open_timestamp":1741521600000,"close_timestamp":1741554000000,"orders":[{"amount":0.0021,"safe_price":85018.0,"ft_order_side":"buy","order_filled_timestamp":1741521600000,"ft_is_entry":true,"ft_order_tag":"rsi_cross","cost":178.62706889999995},{"amount":0.0026,"safe_price":83588.4,"ft_order_side":"buy","order_filled_timestamp":1741532400000,"ft_is_entry":true,"ft_order_tag":"1/3rd_increase","cost":217.43850491999996},{"amount":0.0032,"safe_price":82661.6,"ft_order_side":"buy","order_filled_timestamp":1741546800000,"ft_is_entry":true,"ft_order_tag":"1/3rd_increase","cost":264.64937856},{"amount":0.0079,"safe_price":82184.1,"ft_order_side":"sell","order_filled_timestamp":1741554000000,"ft_is_entry":false,"ft_order_tag":"stop_loss","cost":649.579017195}]},{"pair":"BTC/USDT:USDT","stake_amount":57.2292,"max_stake_amount":57.2292,"amount":0.0021,"open_date":"2025-03-10 02:00:00+00:00","close_date":"2025-03-10 03:00:00+00:00","open_rate":81756.0,"close_rate":82199.9,"fee_open":0.0005,"fee_close":0.0005,"trade_duration":60,"profit_ratio":0.01327393134560885,"profit_abs":0.7600363,"exit_reason":"roi","initial_stop_loss_abs":79030.8,"initial_stop_loss_ratio":-0.1,"stop_loss_abs":79030.8,"stop_loss_ratio":-0.1,"min_rate":81519.0,"max_rate":82742.2,"is_open":false,"enter_tag":"rsi_cross","leverage":3.0,"is_short":false,"open_timestamp":1741572000000,"close_timestamp":1741575600000,"orders":[{"amount":0.0021,"safe_price":81756.0,"ft_order_side":"buy","order_filled_timestamp":1741572000000,"ft_is_entry":true,"ft_order_tag":"rsi_cross","cost":171.7734438},{"amount":0.0021,"safe_price":82199.9,"ft_order_side":"sell","order_filled_timestamp":1741575600000,"ft_is_entry":false,"ft_order_tag":"roi","cost":172.70609989499997}]},{"pair":"BTC/USDT:USDT","stake_amount":57.98840667,"max_stake_amount":57.98840667,"amount":0.0022,"open_date":"2025-03-10 20:00:00+00:00","close_date":"2025-03-10 21:00:00+00:00","open_rate":79075.1,"close_rate":79417.93018175755,"fee_open":0.0005,"fee_close":0.0005,"trade_duration":60,"profit_ratio":0.009995002556204651,"profit_abs":0.57988407,"exit_reason":"roi","initial_stop_loss_abs":76439.3,"initial_stop_loss_ratio":-0.1,"stop_loss_abs":76439.3,"stop_loss_ratio":-0.1,"min_rate":78410.6,"max_rate":79886.5,"is_open":false,"enter_tag":"rsi_cross","leverage":3.0,"is_short":false,"open_timestamp":1741636800000,"close_timestamp":1741640400000,"orders":[{"amount":0.0022,"safe_price":79075.1,"ft_order_side":"buy","order_filled_timestamp":1741636800000,"ft_is_entry":true,"ft_order_tag":"rsi_cross","cost":174.05220261},{"amount":0.0022,"safe_price":79417.93018175755,"ft_order_side":"sell","order_filled_timestamp":1741640400000,"ft_is_entry":false,"ft_order_tag":"roi","cost":174.80680612306654}]},{"pair":"BTC/USDT:USDT","stake_amount":59.27584667,"max_stake_amount":59.27584667,"amount":0.0022,"open_date":"2025-03-13 19:00:00+00:00","close_date":"2025-03-13 22:00:00+00:00","open_rate":80830.7,"close_rate":81181.14158746038,"fee_open":0.0005,"fee_close":0.0005,"trade_duration":180,"profit_ratio":0.009995002554956781,"profit_abs":0.59275847,"exit_reason":"roi","initial_stop_loss_abs":78136.4,"initial_stop_loss_ratio":-0.1,"stop_loss_abs":78136.4,"stop_loss_ratio":-0.1,"min_rate":80140.1,"max_rate":81399.5,"is_open":false,"enter_tag":"rsi_cross","leverage":3.0,"is_short":false,"open_timestamp":1741892400000,"close_timestamp":1741903200000,"orders":[{"amount":0.0022,"safe_price":80830.7,"ft_order_side":"buy","order_filled_timestamp":1741892400000,"ft_is_entry":true,"ft_order_tag":"rsi_cross","cost":177.91645376999998},{"amount":0.0022,"safe_price":81181.14158746038,"ft_order_side":"sell","order_filled_timestamp":1741903200000,"ft_is_entry":false,"ft_order_tag":"roi","cost":178.68781074815905}]},{"pair":"BTC/USDT:USDT","stake_amount":57.925,"max_stake_amount":57.925,"amount":0.0021,"open_date":"2025-03-16 13:00:00+00:00","close_date":"2025-03-16 14:00:00+00:00","open_rate":82750.0,"close_rate":83108.76271469067,"fee_open":0.0005,"fee_close":0.0005,"trade_duration":60,"profit_ratio":0.009995002498750627,"profit_abs":0.57925,"exit_reason":"roi","initial_stop_loss_abs":79991.7,"initial_stop_loss_ratio":-0.1,"stop_loss_abs":79991.7,"stop_loss_ratio":-0.1,"min_rate":82500.0,"max_rate":83399.9,"is_open":false,"enter_tag":"rsi_cross","leverage":3.0,"is_short":false,"open_timestamp":1742130000000,"close_timestamp":1742133600000,"orders":[{"amount":0.0021,"safe_price":82750.0,"ft_order_side":"buy","order_filled_timestamp":1742130000000,"ft_is_entry":true,"ft_order_tag":"rsi_cross","cost":173.86188749999997},{"amount":0.0021,"safe_price":83108.76271469067,"ft_order_side":"sell","order_filled_timestamp":1742133600000,"ft_is_entry":false,"ft_order_tag":"roi","cost":174.61566590170082}]},{"pair":"BTC/USDT:USDT","stake_amount":57.28877,"max_stake_amount":57.28877,"amount":0.0021,"open_date":"2025-03-18 15:00:00+00:00","close_date":"2025-03-18 19:00:00+00:00","open_rate":81841.1,"close_rate":82195.92217775554,"fee_open":0.0005,"fee_close":0.0005,"trade_duration":240,"profit_ratio":0.009964315141010002,"profit_abs":0.57112878,"exit_reason":"roi","initial_stop_loss_abs":79113.1,"initial_stop_loss_ratio":-0.1,"stop_loss_abs":79113.1,"stop_loss_ratio":-0.1,"min_rate":81230.5,"max_rate":82473.9,"is_open":false,"enter_tag":"rsi_cross","leverage":3.0,"is_short":false,"open_timestamp":1742310000000,"close_timestamp":1742324400000,"orders":[{"amount":0.0021,"safe_price":81841.1,"ft_order_side":"buy","order_filled_timestamp":1742310000000,"ft_is_entry":true,"ft_order_tag":"rsi_cross","cost":171.952243155},{"amount":0.0021,"safe_price":82195.92217775554,"ft_order_side":"sell","order_filled_timestamp":1742324400000,"ft_is_entry":false,"ft_order_tag":"roi","cost":172.69774229157326}]},{"pair":"BTC/USDT:USDT","stake_amount":56.83333333,"max_stake_amount":56.83333333,"amount":0.002,"open_date":"2025-03-28 12:00:00+00:00","close_date":"2025-03-29 11:00:00+00:00","open_rate":85250.0,"close_rate":82408.4,"fee_open":0.0005,"fee_close":0.0005,"trade_duration":1380,"profit_ratio":-0.10332101632468221,"profit_abs":-5.8750138,"exit_reason":"stop_loss","initial_stop_loss_abs":82408.4,"initial_stop_loss_ratio":-0.1,"stop_loss_abs":82408.4,"stop_loss_ratio":-0.1,"min_rate":82010.0,"max_rate":85642.8,"is_open":false,"enter_tag":"rsi_cross","leverage":3.0,"is_short":false,"open_timestamp":1743163200000,"close_timestamp":1743246000000,"orders":[{"amount":0.002,"safe_price":85250.0,"ft_order_side":"buy","order_filled_timestamp":1743163200000,"ft_is_entry":true,"ft_order_tag":"rsi_cross","cost":170.58525},{"amount":0.002,"safe_price":82408.4,"ft_order_side":"sell","order_filled_timestamp":1743246000000,"ft_is_entry":false,"ft_order_tag":"stop_loss","cost":164.8992084}]},{"pair":"BTC/USDT:USDT","stake_amount":57.981,"max_stake_amount":57.981,"amount":0.0021,"open_date":"2025-03-29 14:00:00+00:00","close_date":"2025-03-30 02:00:00+00:00","open_rate":82830.0,"close_rate":83189.10955477739,"fee_open":0.0005,"fee_close":0.0005,"trade_duration":720,"profit_ratio":0.009883864056140468,"profit_abs":0.57336286,"exit_reason":"roi","initial_stop_loss_abs":80069.0,"initial_stop_loss_ratio":-0.1,"stop_loss_abs":80069.0,"stop_loss_ratio":-0.1,"min_rate":81626.1,"max_rate":83380.0,"is_open":false,"enter_tag":"rsi_cross","leverage":3.0,"is_short":false,"open_timestamp":1743256800000,"close_timestamp":1743300000000,"orders":[{"amount":0.0021,"safe_price":82830.0,"ft_order_side":"buy","order_filled_timestamp":1743256800000,"ft_is_entry":true,"ft_order_tag":"rsi_cross","cost":174.0299715},{"amount":0.0021,"safe_price":83189.10955477739,"ft_order_side":"sell","order_filled_timestamp":1743300000000,"ft_is_entry":false,"ft_order_tag":"roi","cost":174.784478630065}]},{"pair":"BTC/USDT:USDT","stake_amount":58.02734667,"max_stake_amount":58.02734667,"amount":0.0022,"open_date":"2025-04-07 02:00:00+00:00","close_date":"2025-04-07 06:00:00+00:00","open_rate":79128.2,"close_rate":76490.6,"fee_open":0.0005,"fee_close":0.0005,"trade_duration":240,"profit_ratio":-0.1028982982228748,"profit_abs":-5.97390068,"exit_reason":"stop_loss","initial_stop_loss_abs":76490.6,"initial_stop_loss_ratio":-0.1,"stop_loss_abs":76490.6,"stop_loss_ratio":-0.1,"min_rate":74546.9,"max_rate":79217.3,"is_open":false,"enter_tag":"rsi_cross","leverage":3.0,"is_short":false,"open_timestamp":1743991200000,"close_timestamp":1744005600000,"orders":[{"amount":0.0022,"safe_price":79128.2,"ft_order_side":"buy","order_filled_timestamp":1743991200000,"ft_is_entry":true,"ft_order_tag":"rsi_cross","cost":174.16908102},{"amount":0.0022,"safe_price":76490.6,"ft_order_side":"sell","order_filled_timestamp":1744005600000,"ft_is_entry":false,"ft_order_tag":"stop_loss","cost":168.36345966}]},{"pair":"BTC/USDT:USDT","stake_amount":58.46446667,"max_stake_amount":58.46446667,"amount":0.0023,"open_date":"2025-04-07 09:00:00+00:00","close_date":"2025-04-07 10:00:00+00:00","open_rate":76258.0,"close_rate":76588.61664165415,"fee_open":0.0005,"fee_close":0.0005,"trade_duration":60,"profit_ratio":0.009995002555736819,"profit_abs":0.58464467,"exit_reason":"roi","initial_stop_loss_abs":73716.1,"initial_stop_loss_ratio":-0.1,"stop_loss_abs":73716.1,"stop_loss_ratio":-0.1,"min_rate":75729.5,"max_rate":77575.4,"is_open":false,"enter_tag":"rsi_cross","leverage":3.0,"is_short":false,"open_timestamp":1744016400000,"close_timestamp":1744020000000,"orders":[{"amount":0.0023,"safe_price":76258.0,"ft_order_side":"buy","order_filled_timestamp":1744016400000,"ft_is_entry":true,"ft_order_tag":"rsi_cross","cost":175.48109669999997},{"amount":0.0023,"safe_price":76588.61664165415,"ft_order_side":"sell","order_filled_timestamp":1744020000000,"ft_is_entry":false,"ft_order_tag":"roi","cost":176.24189518494245}]},{"pair":"BTC/USDT:USDT","stake_amount":58.58859,"max_stake_amount":58.58859,"amount":0.0023,"open_date":"2025-04-09 05:00:00+00:00","close_date":"2025-04-09 06:00:00+00:00","open_rate":76419.9,"close_rate":76751.21855927962,"fee_open":0.0005,"fee_close":0.0005,"trade_duration":60,"profit_ratio":0.009995002498750623,"profit_abs":0.5858859,"exit_reason":"roi","initial_stop_loss_abs":73872.6,"initial_stop_loss_ratio":-0.1,"stop_loss_abs":73872.6,"stop_loss_ratio":-0.1,"min_rate":76211.8,"max_rate":77324.2,"is_open":false,"enter_tag":"rsi_cross","leverage":3.0,"is_short":false,"open_timestamp":1744174800000,"close_timestamp":1744178400000,"orders":[{"amount":0.0023,"safe_price":76419.9,"ft_order_side":"buy","order_filled_timestamp":1744174800000,"ft_is_entry":true,"ft_order_tag":"rsi_cross","cost":175.85365288499997},{"amount":0.0023,"safe_price":76751.21855927962,"ft_order_side":"sell","order_filled_timestamp":1744178400000,"ft_is_entry":false,"ft_order_tag":"roi","cost":176.61606658768628}]},{"pair":"BTC/USDT:USDT","stake_amount":58.53827,"max_stake_amount":58.53827,"amount":0.0021,"open_date":"2025-04-16 02:00:00+00:00","close_date":"2025-04-16 08:00:00+00:00","open_rate":83626.1,"close_rate":83988.66104719027,"fee_open":0.0005,"fee_close":0.0005,"trade_duration":360,"profit_ratio":0.009967821742592668,"profit_abs":0.58379079,"exit_reason":"roi","initial_stop_loss_abs":80838.6,"initial_stop_loss_ratio":-0.1,"stop_loss_abs":80838.6,"stop_loss_ratio":-0.1,"min_rate":83124.9,"max_rate":84134.9,"is_open":false,"enter_tag":"rsi_cross","leverage":3.0,"is_short":false,"open_timestamp":1744768800000,"close_timestamp":1744790400000,"orders":[{"amount":0.0021,"safe_price":83626.1,"ft_order_side":"buy","order_filled_timestamp":1744768800000,"ft_is_entry":true,"ft_order_tag":"rsi_cross","cost":175.70261740499998},{"amount":0.0021,"safe_price":83988.66104719027,"ft_order_side":"sell","order_filled_timestamp":1744790400000,"ft_is_entry":false,"ft_order_tag":"roi","cost":176.46437629319908}]}],"locks":[],"best_pair":{"key":"BTC/USDT:USDT","trades":14,"profit_mean":-0.010477776148969222,"profit_mean_pct":-1.05,"profit_sum":-0.1466888660855691,"profit_sum_pct":-14.67,"profit_total_abs":-17.04969679,"profit_total":-0.01704969679,"profit_total_pct":-1.7,"duration_avg":"4:56:00","wins":11,"draws":0,"losses":3,"winrate":0.7857142857142857,"cagr":-0.12257754447101232,"expectancy":-1.217835485,"expectancy_ratio":-0.15456686904474892,"sortino":-2.4547703960129796,"sharpe":-1.8306820362546112,"calmar":-34.003463597461305,"sqn":-1.1845,"profit_factor":0.27868794445783845,"max_drawdown_account":0.01995715811870006,"max_drawdown_abs":19.98064015},"worst_pair":{"key":"BTC/USDT:USDT","trades":14,"profit_mean":-0.010477776148969222,"profit_mean_pct":-1.05,"profit_sum":-0.1466888660855691,"profit_sum_pct":-14.67,"profit_total_abs":-17.04969679,"profit_total":-0.01704969679,"profit_total_pct":-1.7,"duration_avg":"4:56:00","wins":11,"draws":0,"losses":3,"winrate":0.7857142857142857,"cagr":-0.12257754447101232,"expectancy":-1.217835485,"expectancy_ratio":-0.15456686904474892,"sortino":-2.4547703960129796,"sharpe":-1.8306820362546112,"calmar":-34.003463597461305,"sqn":-1.1845,"profit_factor":0.27868794445783845,"max_drawdown_account":0.01995715811870006,"max_drawdown_abs":19.98064015},"results_per_pair":[{"key":"BTC/USDT:USDT","trades":14,"profit_mean":-0.010477776148969222,"profit_mean_pct":-1.05,"profit_sum":-0.1466888660855691,"profit_sum_pct":-14.67,"profit_total_abs":-17.04969679,"profit_total":-0.01704969679,"profit_total_pct":-1.7,"duration_avg":"4:56:00","wins":11,"draws":0,"losses":3,"winrate":0.7857142857142857,"cagr":-0.12257754447101232,"expectancy":-1.217835485,"expectancy_ratio":-0.15456686904474892,"sortino":-2.4547703960129796,"sharpe":-1.8306820362546112,"calmar":-34.003463597461305,"sqn":-1.1845,"profit_factor":0.27868794445783845,"max_drawdown_account":0.01995715811870006,"max_drawdown_abs":19.98064015},{"key":"TOTAL","trades":14,"profit_mean":-0.010477776148969222,"profit_mean_pct":-1.05,"profit_sum":-0.1466888660855691,"profit_sum_pct":-14.67,"profit_total_abs":-17.04969679,"profit_total":-0.01704969679,"profit_total_pct":-1.7,"duration_avg":"4:56:00","wins":11,"draws":0,"losses":3,"winrate":0.7857142857142857,"cagr":-0.12257754447101232,"expectancy":-1.217835485,"expectancy_ratio":-0.15456686904474892,"sortino":-2.4547703960129796,"sharpe":-1.8306820362546112,"calmar":-34.003463597461305,"sqn":-1.1845,"profit_factor":0.27868794445783845,"max_drawdown_account":0.01995715811870006,"max_drawdown_abs":19.98064015}],"results_per_enter_tag":[{"key":"rsi_cross","trades":14,"profit_mean":-0.010477776148969222,"profit_mean_pct":-1.05,"profit_sum":-0.1466888660855691,"profit_sum_pct":-14.67,"profit_total_abs":-17.04969679,"profit_total":-0.01704969679,"profit_total_pct":-1.7,"duration_avg":"4:56:00","wins":11,"draws":0,"losses":3,"winrate":0.7857142857142857,"cagr":-0.12257754447101232,"expectancy":-1.217835485,"expectancy_ratio":-0.15456686904474892,"sortino":-2.4547703960129796,"sharpe":-1.8306820362546112,"calmar":-34.003463597461305,"sqn":-1.1845,"profit_factor":0.27868794445783845,"max_drawdown_account":0.01995715811870006,"max_drawdown_abs":19.98064015},{"key":"TOTAL","trades":14,"profit_mean":-0.010477776148969222,"profit_mean_pct":-1.05,"profit_sum":-0.1466888660855691,"profit_sum_pct":-14.67,"profit_total_abs":-17.04969679,"profit_total":-0.01704969679,"profit_total_pct":-1.7,"duration_avg":"4:56:00","wins":11,"draws":0,"losses":3,"winrate":0.7857142857142857,"cagr":-0.12257754447101232,"expectancy":-1.217835485,"expectancy_ratio":-0.15456686904474892,"sortino":-2.4547703960129796,"sharpe":-1.8306820362546112,"calmar":-34.003463597461305,"sqn":-1.1845,"profit_factor":0.27868794445783845,"max_drawdown_account":0.01995715811870006,"max_drawdown_abs":19.98064015}],"exit_reason_summary":[{"key":"roi","trades":11,"profit_mean":0.010277722722477522,"profit_mean_pct":1.03,"profit_sum":0.11305494994725274,"profit_sum_pct":11.31,"profit_total_abs":6.58736384,"profit_total":0.00658736384,"profit_total_pct":0.66,"duration_avg":"3:00:00","wins":11,"draws":0,"losses":0,"winrate":1.0,"cagr":0.05119451231868566,"expectancy":0.5988512581818182,"expectancy_ratio":100.0,"sortino":-100,"sharpe":51.06365947920859,"calmar":-100,"sqn":36.882,"profit_factor":0.0,"max_drawdown_account":0.0,"max_drawdown_abs":0.0},{"key":"stop_loss","trades":3,"profit_mean":-0.08658127201094061,"profit_mean_pct":-8.66,"profit_sum":-0.2597438160328218,"profit_sum_pct":-25.97,"profit_total_abs":-23.63706063,"profit_total":-0.02363706063,"profit_total_pct":-2.36,"duration_avg":"12:00:00","wins":0,"draws":0,"losses":3,"winrate":0.0,"cagr":-0.1663140381269258,"expectancy":-7.87902021,"expectancy_ratio":-1.0,"sortino":-3.4032016755465064,"sharpe":-3.4032016755465064,"calmar":-39.80202744696425,"sqn":-4.0307,"profit_factor":0.0,"max_drawdown_account":0.02363706062999995,"max_drawdown_abs":23.63706063},{"key":"TOTAL","trades":14,"profit_mean":-0.010477776148969222,"profit_mean_pct":-1.05,"profit_sum":-0.1466888660855691,"profit_sum_pct":-14.67,"profit_total_abs":-17.04969679,"profit_total":-0.01704969679,"profit_total_pct":-1.7,"duration_avg":"4:56:00","wins":11,"draws":0,"losses":3,"winrate":0.7857142857142857,"cagr":-0.12257754447101232,"expectancy":-1.217835485,"expectancy_ratio":-0.15456686904474892,"sortino":-2.4547703960129796,"sharpe":-1.8306820362546112,"calmar":-34.003463597461305,"sqn":-1.1845,"profit_factor":0.27868794445783845,"max_drawdown_account":0.01995715811870006,"max_drawdown_abs":19.98064015}],"mix_tag_stats":[{"key":["rsi_cross","roi"],"trades":11,"profit_mean":0.010277722722477522,"profit_mean_pct":1.03,"profit_sum":0.11305494994725274,"profit_sum_pct":11.31,"profit_total_abs":6.58736384,"profit_total":0.00658736384,"profit_total_pct":0.66,"duration_avg":"3:00:00","wins":11,"draws":0,"losses":0,"winrate":1.0,"cagr":0.05119451231868566,"expectancy":0.5988512581818182,"expectancy_ratio":100.0,"sortino":-100,"sharpe":51.06365947920859,"calmar":-100,"sqn":36.882,"profit_factor":0.0,"max_drawdown_account":0.0,"max_drawdown_abs":0.0},{"key":["rsi_cross","stop_loss"],"trades":3,"profit_mean":-0.08658127201094061,"profit_mean_pct":-8.66,"profit_sum":-0.2597438160328218,"profit_sum_pct":-25.97,"profit_total_abs":-23.63706063,"profit_total":-0.02363706063,"profit_total_pct":-2.36,"duration_avg":"12:00:00","wins":0,"draws":0,"losses":3,"winrate":0.0,"cagr":-0.1663140381269258,"expectancy":-7.87902021,"expectancy_ratio":-1.0,"sortino":-3.4032016755465064,"sharpe":-3.4032016755465064,"calmar":-39.80202744696425,"sqn":-4.0307,"profit_factor":0.0,"max_drawdown_account":0.02363706062999995,"max_drawdown_abs":23.63706063},{"key":"TOTAL","trades":14,"profit_mean":-0.010477776148969222,"profit_mean_pct":-1.05,"profit_sum":-0.1466888660855691,"profit_sum_pct":-14.67,"profit_total_abs":-17.04969679,"profit_total":-0.01704969679,"profit_total_pct":-1.7,"duration_avg":"4:56:00","wins":11,"draws":0,"losses":3,"winrate":0.7857142857142857,"cagr":-0.12257754447101232,"expectancy":-1.217835485,"expectancy_ratio":-0.15456686904474892,"sortino":-2.4547703960129796,"sharpe":-1.8306820362546112,"calmar":-34.003463597461305,"sqn":-1.1845,"profit_factor":0.27868794445783845,"max_drawdown_account":0.01995715811870006,"max_drawdown_abs":19.98064015}],"left_open_trades":[{"key":"TOTAL","trades":0,"profit_mean":0.0,"profit_mean_pct":0.0,"profit_sum":0.0,"profit_sum_pct":0.0,"profit_total_abs":0.0,"profit_total":0.0,"profit_total_pct":0.0,"duration_avg":"0:00","wins":0,"draws":0,"losses":0,"winrate":0.0,"cagr":0.0,"expectancy":0.0,"expectancy_ratio":100.0,"sortino":0,"sharpe":0,"calmar":0,"sqn":0.0,"profit_factor":0.0,"max_drawdown_account":0.0,"max_drawdown_abs":0.0}],"total_trades":14,"trade_count_long":14,"trade_count_short":0,"total_volume":5844.412805209179,"avg_stake_amount":69.70933452428571,"profit_mean":-0.010477776148969222,"profit_median":0.009995002498750623,"profit_total":-0.01704969679,"profit_total_long":-0.01704969679,"profit_total_short":0.0,"profit_total_abs":-17.04969679,"profit_total_long_abs":-17.04969679,"profit_total_short_abs":0.0,"cagr":-0.12257754447101232,"expectancy":-1.217835485,"expectancy_ratio":-0.15456686904474892,"sortino":-2.4547703960129796,"sharpe":-1.8306820362546112,"calmar":-34.003463597461305,"sqn":-1.1845,"profit_factor":0.27868794445783845,"backtest_start":"2025-02-28 00:00:00","backtest_start_ts":1740700800000,"backtest_end":"2025-04-17 08:00:00","backtest_end_ts":1744876800000,"backtest_days":48,"backtest_run_start_ts":1745332965,"backtest_run_end_ts":1745332966,"trades_per_day":0.29,"market_change":0.00236541860075939,"pairlist":["BTC/USDT:USDT"],"stake_amount":"unlimited","stake_currency":"USDT","stake_currency_decimals":3,"starting_balance":1000,"dry_run_wallet":1000,"final_balance":982.95030321,"rejected_signals":0,"timedout_entry_orders":0,"timedout_exit_orders":0,"canceled_trade_entries":0,"canceled_entry_orders":0,"replaced_entry_orders":0,"max_open_trades":1,"max_open_trades_setting":3,"timeframe":"1h","timeframe_detail":"","timerange":"20250228-","enable_protections":false,"strategy_name":"mini","stoploss":-0.1,"trailing_stop":false,"trailing_stop_positive":null,"trailing_stop_positive_offset":0.0,"trailing_only_offset_is_reached":false,"use_custom_stoploss":false,"minimal_roi":{"60":0.01,"30":0.02,"0":0.04},"use_exit_signal":true,"exit_profit_only":false,"exit_profit_offset":0.0,"ignore_roi_if_entry_signal":false,"trading_mode":"futures","margin_mode":"isolated","periodic_breakdown":{"day":[{"date":"28/02/2025","date_ts":1740700800000,"profit_abs":0.5891666,"wins":1,"draws":0,"losses":0,"trades":1,"profit_factor":0.0},{"date":"01/03/2025","date_ts":1740787200000,"profit_abs":0.0,"wins":0,"draws":0,"losses":0,"trades":0,"profit_factor":0.0},{"date":"02/03/2025","date_ts":1740873600000,"profit_abs":0.0,"wins":0,"draws":0,"losses":0,"trades":0,"profit_factor":0.0},{"date":"03/03/2025","date_ts":1740960000000,"profit_abs":0.0,"wins":0,"draws":0,"losses":0,"trades":0,"profit_factor":0.0},{"date":"04/03/2025","date_ts":1741046400000,"profit_abs":0.5874554,"wins":1,"draws":0,"losses":0,"trades":1,"profit_factor":0.0},{"date":"05/03/2025","date_ts":1741132800000,"profit_abs":0.0,"wins":0,"draws":0,"losses":0,"trades":0,"profit_factor":0.0},{"date":"06/03/2025","date_ts":1741219200000,"profit_abs":0.0,"wins":0,"draws":0,"losses":0,"trades":0,"profit_factor":0.0},{"date":"07/03/2025","date_ts":1741305600000,"profit_abs":0.0,"wins":0,"draws":0,"losses":0,"trades":0,"profit_factor":0.0},{"date":"08/03/2025","date_ts":1741392000000,"profit_abs":0.0,"wins":0,"draws":0,"losses":0,"trades":0,"profit_factor":0.0},{"date":"09/03/2025","date_ts":1741478400000,"profit_abs":-11.78814615,"wins":0,"draws":0,"losses":1,"trades":1,"profit_factor":0.0},{"date":"10/03/2025","date_ts":1741564800000,"profit_abs":1.33992037,"wins":2,"draws":0,"losses":0,"trades":2,"profit_factor":0.0},{"date":"11/03/2025","date_ts":1741651200000,"profit_abs":0.0,"wins":0,"draws":0,"losses":0,"trades":0,"profit_factor":0.0},{"date":"12/03/2025","date_ts":1741737600000,"profit_abs":0.0,"wins":0,"draws":0,"losses":0,"trades":0,"profit_factor":0.0},{"date":"13/03/2025","date_ts":1741824000000,"profit_abs":0.59275847,"wins":1,"draws":0,"losses":0,"trades":1,"profit_factor":0.0},{"date":"14/03/2025","date_ts":1741910400000,"profit_abs":0.0,"wins":0,"draws":0,"losses":0,"trades":0,"profit_factor":0.0},{"date":"15/03/2025","date_ts":1741996800000,"profit_abs":0.0,"wins":0,"draws":0,"losses":0,"trades":0,"profit_factor":0.0},{"date":"16/03/2025","date_ts":1742083200000,"profit_abs":0.57925,"wins":1,"draws":0,"losses":0,"trades":1,"profit_factor":0.0},{"date":"17/03/2025","date_ts":1742169600000,"profit_abs":0.0,"wins":0,"draws":0,"losses":0,"trades":0,"profit_factor":0.0},{"date":"18/03/2025","date_ts":1742256000000,"profit_abs":0.57112878,"wins":1,"draws":0,"losses":0,"trades":1,"profit_factor":0.0},{"date":"19/03/2025","date_ts":1742342400000,"profit_abs":0.0,"wins":0,"draws":0,"losses":0,"trades":0,"profit_factor":0.0},{"date":"20/03/2025","date_ts":1742428800000,"profit_abs":0.0,"wins":0,"draws":0,"losses":0,"trades":0,"profit_factor":0.0},{"date":"21/03/2025","date_ts":1742515200000,"profit_abs":0.0,"wins":0,"draws":0,"losses":0,"trades":0,"profit_factor":0.0},{"date":"22/03/2025","date_ts":1742601600000,"profit_abs":0.0,"wins":0,"draws":0,"losses":0,"trades":0,"profit_factor":0.0},{"date":"23/03/2025","date_ts":1742688000000,"profit_abs":0.0,"wins":0,"draws":0,"losses":0,"trades":0,"profit_factor":0.0},{"date":"24/03/2025","date_ts":1742774400000,"profit_abs":0.0,"wins":0,"draws":0,"losses":0,"trades":0,"profit_factor":0.0},{"date":"25/03/2025","date_ts":1742860800000,"profit_abs":0.0,"wins":0,"draws":0,"losses":0,"trades":0,"profit_factor":0.0},{"date":"26/03/2025","date_ts":1742947200000,"profit_abs":0.0,"wins":0,"draws":0,"losses":0,"trades":0,"profit_factor":0.0},{"date":"27/03/2025","date_ts":1743033600000,"profit_abs":0.0,"wins":0,"draws":0,"losses":0,"trades":0,"profit_factor":0.0},{"date":"28/03/2025","date_ts":1743120000000,"profit_abs":0.0,"wins":0,"draws":0,"losses":0,"trades":0,"profit_factor":0.0},{"date":"29/03/2025","date_ts":1743206400000,"profit_abs":-5.8750138,"wins":0,"draws":0,"losses":1,"trades":1,"profit_factor":0.0},{"date":"30/03/2025","date_ts":1743292800000,"profit_abs":0.57336286,"wins":1,"draws":0,"losses":0,"trades":1,"profit_factor":0.0},{"date":"31/03/2025","date_ts":1743379200000,"profit_abs":0.0,"wins":0,"draws":0,"losses":0,"trades":0,"profit_factor":0.0},{"date":"01/04/2025","date_ts":1743465600000,"profit_abs":0.0,"wins":0,"draws":0,"losses":0,"trades":0,"profit_factor":0.0},{"date":"02/04/2025","date_ts":1743552000000,"profit_abs":0.0,"wins":0,"draws":0,"losses":0,"trades":0,"profit_factor":0.0},{"date":"03/04/2025","date_ts":1743638400000,"profit_abs":0.0,"wins":0,"draws":0,"losses":0,"trades":0,"profit_factor":0.0},{"date":"04/04/2025","date_ts":1743724800000,"profit_abs":0.0,"wins":0,"draws":0,"losses":0,"trades":0,"profit_factor":0.0},{"date":"05/04/2025","date_ts":1743811200000,"profit_abs":0.0,"wins":0,"draws":0,"losses":0,"trades":0,"profit_factor":0.0},{"date":"06/04/2025","date_ts":1743897600000,"profit_abs":0.0,"wins":0,"draws":0,"losses":0,"trades":0,"profit_factor":0.0},{"date":"07/04/2025","date_ts":1743984000000,"profit_abs":-5.38925601,"wins":1,"draws":0,"losses":1,"trades":2,"profit_factor":0.09786649},{"date":"08/04/2025","date_ts":1744070400000,"profit_abs":0.0,"wins":0,"draws":0,"losses":0,"trades":0,"profit_factor":0.0},{"date":"09/04/2025","date_ts":1744156800000,"profit_abs":0.5858859,"wins":1,"draws":0,"losses":0,"trades":1,"profit_factor":0.0},{"date":"10/04/2025","date_ts":1744243200000,"profit_abs":0.0,"wins":0,"draws":0,"losses":0,"trades":0,"profit_factor":0.0},{"date":"11/04/2025","date_ts":1744329600000,"profit_abs":0.0,"wins":0,"draws":0,"losses":0,"trades":0,"profit_factor":0.0},{"date":"12/04/2025","date_ts":1744416000000,"profit_abs":0.0,"wins":0,"draws":0,"losses":0,"trades":0,"profit_factor":0.0},{"date":"13/04/2025","date_ts":1744502400000,"profit_abs":0.0,"wins":0,"draws":0,"losses":0,"trades":0,"profit_factor":0.0},{"date":"14/04/2025","date_ts":1744588800000,"profit_abs":0.0,"wins":0,"draws":0,"losses":0,"trades":0,"profit_factor":0.0},{"date":"15/04/2025","date_ts":1744675200000,"profit_abs":0.0,"wins":0,"draws":0,"losses":0,"trades":0,"profit_factor":0.0},{"date":"16/04/2025","date_ts":1744761600000,"profit_abs":0.58379079,"wins":1,"draws":0,"losses":0,"trades":1,"profit_factor":0.0}],"week":[{"date":"03/03/2025","date_ts":1740960000000,"profit_abs":0.5891666,"wins":1,"draws":0,"losses":0,"trades":1,"profit_factor":0.0},{"date":"10/03/2025","date_ts":1741564800000,"profit_abs":-9.86077038,"wins":3,"draws":0,"losses":1,"trades":4,"profit_factor":0.16350118},{"date":"17/03/2025","date_ts":1742169600000,"profit_abs":1.17200847,"wins":2,"draws":0,"losses":0,"trades":2,"profit_factor":0.0},{"date":"24/03/2025","date_ts":1742774400000,"profit_abs":0.57112878,"wins":1,"draws":0,"losses":0,"trades":1,"profit_factor":0.0},{"date":"31/03/2025","date_ts":1743379200000,"profit_abs":-5.30165094,"wins":1,"draws":0,"losses":1,"trades":2,"profit_factor":0.09759345},{"date":"07/04/2025","date_ts":1743984000000,"profit_abs":-5.38925601,"wins":1,"draws":0,"losses":1,"trades":2,"profit_factor":0.09786649},{"date":"14/04/2025","date_ts":1744588800000,"profit_abs":0.5858859,"wins":1,"draws":0,"losses":0,"trades":1,"profit_factor":0.0},{"date":"21/04/2025","date_ts":1745193600000,"profit_abs":0.58379079,"wins":1,"draws":0,"losses":0,"trades":1,"profit_factor":0.0}],"month":[{"date":"28/02/2025","date_ts":1740700800000,"profit_abs":0.5891666,"wins":1,"draws":0,"losses":0,"trades":1,"profit_factor":0.0},{"date":"31/03/2025","date_ts":1743379200000,"profit_abs":-13.41928407,"wins":7,"draws":0,"losses":2,"trades":9,"profit_factor":0.24026708},{"date":"30/04/2025","date_ts":1745971200000,"profit_abs":-4.21957932,"wins":3,"draws":0,"losses":1,"trades":4,"profit_factor":0.2936643}],"year":[{"date":"31/12/2025","date_ts":1767139200000,"profit_abs":-17.04969679,"wins":11,"draws":0,"losses":3,"trades":14,"profit_factor":0.27868794}]},"backtest_best_day":0.0232689339018135,"backtest_worst_day":-0.10332101632468221,"backtest_best_day_abs":1.33992037,"backtest_worst_day_abs":-11.78814615,"winning_days":9,"draw_days":36,"losing_days":3,"daily_profit":[["2025-02-28",0.5891666],["2025-03-01",0.0],["2025-03-02",0.0],["2025-03-03",0.0],["2025-03-04",0.5874554],["2025-03-05",0.0],["2025-03-06",0.0],["2025-03-07",0.0],["2025-03-08",0.0],["2025-03-09",-11.78814615],["2025-03-10",1.33992037],["2025-03-11",0.0],["2025-03-12",0.0],["2025-03-13",0.59275847],["2025-03-14",0.0],["2025-03-15",0.0],["2025-03-16",0.57925],["2025-03-17",0.0],["2025-03-18",0.57112878],["2025-03-19",0.0],["2025-03-20",0.0],["2025-03-21",0.0],["2025-03-22",0.0],["2025-03-23",0.0],["2025-03-24",0.0],["2025-03-25",0.0],["2025-03-26",0.0],["2025-03-27",0.0],["2025-03-28",0.0],["2025-03-29",-5.8750138],["2025-03-30",0.57336286],["2025-03-31",0.0],["2025-04-01",0.0],["2025-04-02",0.0],["2025-04-03",0.0],["2025-04-04",0.0],["2025-04-05",0.0],["2025-04-06",0.0],["2025-04-07",-5.38925601],["2025-04-08",0.0],["2025-04-09",0.5858859],["2025-04-10",0.0],["2025-04-11",0.0],["2025-04-12",0.0],["2025-04-13",0.0],["2025-04-14",0.0],["2025-04-15",0.0],["2025-04-16",0.58379079]],"wins":11,"losses":3,"draws":0,"winrate":0.7857142857142857,"holding_avg":"4:56:00","holding_avg_s":17760.0,"winner_holding_avg":"3:00:00","winner_holding_avg_s":10800.0,"loser_holding_avg":"12:00:00","loser_holding_avg_s":43200.0,"max_consecutive_wins":5,"max_consecutive_losses":1,"max_drawdown_account":0.01995715811870006,"max_relative_drawdown":0.01995715811870006,"max_drawdown_abs":19.98064015,"drawdown_start":"2025-03-04 05:00:00","drawdown_start_ts":1741064400000.0,"drawdown_end":"2025-04-07 06:00:00","drawdown_end_ts":1744005600000.0,"max_drawdown_low":-18.804018149999997,"max_drawdown_high":1.176622,"csum_min":981.19598185,"csum_max":1001.176622},"advanced":{"trades":[{"pair":"BTC/USDT:USDT","stake_amount":329.39769,"max_stake_amount":329.39769,"amount":0.0041,"open_date":"2025-02-28 10:00:00+00:00","close_date":"2025-02-28 13:00:00+00:00","open_rate":80340.9,"close_rate":81225.09199599798,"fee_open":0.0005,"fee_close":0.0005,"trade_duration":180,"profit_ratio":0.009995002498750625,"profit_abs":3.2939769,"exit_reason":"roi","initial_stop_loss_abs":72306.9,"initial_stop_loss_ratio":-0.1,"stop_loss_abs":72306.9,"stop_loss_ratio":-0.1,"min_rate":79538.5,"max_rate":81756.7,"is_open":false,"enter_tag":"long1","leverage":1.0,"is_short":false,"open_timestamp":1740736800000,"close_timestamp":1740747600000,"orders":[{"amount":0.0041,"safe_price":80340.9,"ft_order_side":"buy","order_filled_timestamp":1740736800000,"ft_is_entry":true,"ft_order_tag":"long1","cost":329.562388845},{"amount":0.0041,"safe_price":81225.09199599798,"ft_order_side":"sell","order_filled_timestamp":1740747600000,"ft_is_entry":false,"ft_order_tag":"roi","cost":333.1893886221835}]},{"pair":"BTC/USDT:USDT","stake_amount":323.97183,"max_stake_amount":323.97183,"amount":0.0039,"open_date":"2025-03-09 21:00:00+00:00","close_date":"2025-03-10 09:00:00+00:00","open_rate":83069.7,"close_rate":83983.92381190594,"fee_open":0.0005,"fee_close":0.0005,"trade_duration":720,"profit_ratio":0.00995997733493687,"profit_abs":3.22836546,"exit_reason":"roi","initial_stop_loss_abs":74762.8,"initial_stop_loss_ratio":-0.1,"stop_loss_abs":74762.8,"stop_loss_ratio":-0.1,"min_rate":79940.0,"max_rate":84084.5,"is_open":false,"enter_tag":"long1","leverage":1.0,"is_short":false,"open_timestamp":1741554000000,"close_timestamp":1741597200000,"orders":[{"amount":0.0039,"safe_price":83069.7,"ft_order_side":"buy","order_filled_timestamp":1741554000000,"ft_is_entry":true,"ft_order_tag":"long1","cost":324.13381591499996},{"amount":0.0039,"safe_price":83983.92381190594,"ft_order_side":"sell","order_filled_timestamp":1741597200000,"ft_is_entry":false,"ft_order_tag":"roi","cost":327.70107151786635}]},{"pair":"BTC/USDT:USDT","stake_amount":332.11542,"max_stake_amount":332.11542,"amount":0.0042,"open_date":"2025-03-10 20:00:00+00:00","close_date":"2025-03-11 04:00:00+00:00","open_rate":79075.1,"close_rate":79945.36123061531,"fee_open":0.0005,"fee_close":0.0005,"trade_duration":480,"profit_ratio":0.009961806817558828,"profit_abs":3.31012389,"exit_reason":"roi","initial_stop_loss_abs":71167.6,"initial_stop_loss_ratio":-0.1,"stop_loss_abs":71167.6,"stop_loss_ratio":-0.1,"min_rate":76600.0,"max_rate":80258.6,"is_open":false,"enter_tag":"long1","leverage":1.0,"is_short":false,"open_timestamp":1741636800000,"close_timestamp":1741665600000,"orders":[{"amount":0.0042,"safe_price":79075.1,"ft_order_side":"buy","order_filled_timestamp":1741636800000,"ft_is_entry":true,"ft_order_tag":"long1","cost":332.28147771},{"amount":0.0042,"safe_price":79945.36123061531,"ft_order_side":"sell","order_filled_timestamp":1741665600000,"ft_is_entry":false,"ft_order_tag":"roi","cost":335.9384024271685}]},{"pair":"BTC/USDT:USDT","stake_amount":331.40587,"max_stake_amount":331.40587,"amount":0.0041,"open_date":"2025-03-13 19:00:00+00:00","close_date":"2025-03-14 01:00:00+00:00","open_rate":80830.7,"close_rate":81720.28249124561,"fee_open":0.0005,"fee_close":0.0005,"trade_duration":360,"profit_ratio":0.009934616924007988,"profit_abs":3.29403656,"exit_reason":"roi","initial_stop_loss_abs":72747.7,"initial_stop_loss_ratio":-0.1,"stop_loss_abs":72747.7,"stop_loss_ratio":-0.1,"min_rate":80140.1,"max_rate":81884.2,"is_open":false,"enter_tag":"long1","leverage":1.0,"is_short":false,"open_timestamp":1741892400000,"close_timestamp":1741914000000,"orders":[{"amount":0.0041,"safe_price":80830.7,"ft_order_side":"buy","order_filled_timestamp":1741892400000,"ft_is_entry":true,"ft_order_tag":"long1","cost":331.57157293499995},{"amount":0.0041,"safe_price":81720.28249124561,"ft_order_side":"sell","order_filled_timestamp":1741914000000,"ft_is_entry":false,"ft_order_tag":"roi","cost":335.2206847932141}]},{"pair":"BTC/USDT:USDT","stake_amount":332.475,"max_stake_amount":332.475,"amount":0.0039,"open_date":"2025-03-28 12:00:00+00:00","close_date":"2025-04-02 15:00:00+00:00","open_rate":85250.0,"close_rate":86188.21910955478,"fee_open":0.0005,"fee_close":0.0005,"trade_duration":7380,"profit_ratio":0.009350777742942951,"profit_abs":3.11045428,"exit_reason":"roi","initial_stop_loss_abs":76725.0,"initial_stop_loss_ratio":-0.1,"stop_loss_abs":76725.0,"stop_loss_ratio":-0.1,"min_rate":81260.9,"max_rate":87357.0,"is_open":false,"enter_tag":"long1","leverage":1.0,"is_short":false,"open_timestamp":1743163200000,"close_timestamp":1743606000000,"orders":[{"amount":0.0039,"safe_price":85250.0,"ft_order_side":"buy","order_filled_timestamp":1743163200000,"ft_is_entry":true,"ft_order_tag":"long1","cost":332.64123749999993},{"amount":0.0039,"safe_price":86188.21910955478,"ft_order_side":"sell","order_filled_timestamp":1743606000000,"ft_is_entry":false,"ft_order_tag":"roi","cost":336.3021215545272}]},{"pair":"BTC/USDT:USDT","stake_amount":332.33844,"max_stake_amount":332.33844,"amount":0.0042,"open_date":"2025-04-07 02:00:00+00:00","close_date":"2025-04-07 14:00:00+00:00","open_rate":79128.2,"close_rate":79999.04562281139,"fee_open":0.0005,"fee_close":0.0005,"trade_duration":720,"profit_ratio":0.009958005748453364,"profit_abs":3.31108281,"exit_reason":"roi","initial_stop_loss_abs":71215.4,"initial_stop_loss_ratio":-0.1,"stop_loss_abs":71215.4,"stop_loss_ratio":-0.1,"min_rate":74505.2,"max_rate":81233.5,"is_open":false,"enter_tag":"long1","leverage":1.0,"is_short":false,"open_timestamp":1743991200000,"close_timestamp":1744034400000,"orders":[{"amount":0.0042,"safe_price":79128.2,"ft_order_side":"buy","order_filled_timestamp":1743991200000,"ft_is_entry":true,"ft_order_tag":"long1","cost":332.50460921999996},{"amount":0.0042,"safe_price":79999.04562281139,"ft_order_side":"sell","order_filled_timestamp":1744034400000,"ft_is_entry":false,"ft_order_tag":"roi","cost":336.1639896116157}]},{"pair":"BTC/USDT:USDT","stake_amount":336.24756,"max_stake_amount":336.24756,"amount":0.0044,"open_date":"2025-04-09 05:00:00+00:00","close_date":"2025-04-09 06:00:00+00:00","open_rate":76419.9,"close_rate":77260.93941970983,"fee_open":0.0005,"fee_close":0.0005,"trade_duration":60,"profit_ratio":0.009995002498750623,"profit_abs":3.3624756,"exit_reason":"roi","initial_stop_loss_abs":68778.0,"initial_stop_loss_ratio":-0.1,"stop_loss_abs":68778.0,"stop_loss_ratio":-0.1,"min_rate":76211.8,"max_rate":77324.2,"is_open":false,"enter_tag":"long1","leverage":1.0,"is_short":false,"open_timestamp":1744174800000,"close_timestamp":1744178400000,"orders":[{"amount":0.0044,"safe_price":76419.9,"ft_order_side":"buy","order_filled_timestamp":1744174800000,"ft_is_entry":true,"ft_order_tag":"long1","cost":336.41568378},{"amount":0.0044,"safe_price":77260.93941970983,"ft_order_side":"sell","order_filled_timestamp":1744178400000,"ft_is_entry":false,"ft_order_tag":"roi","cost":340.1181075134466}]},{"pair":"BTC/USDT:USDT","stake_amount":334.5044,"max_stake_amount":334.5044,"amount":0.004,"open_date":"2025-04-16 02:00:00+00:00","close_date":"2025-04-16 14:00:00+00:00","open_rate":83626.1,"close_rate":84546.44727363682,"fee_open":0.0005,"fee_close":0.0005,"trade_duration":720,"profit_ratio":0.009985942245275114,"profit_abs":3.34201179,"exit_reason":"roi","initial_stop_loss_abs":75263.5,"initial_stop_loss_ratio":-0.1,"stop_loss_abs":75263.5,"stop_loss_ratio":-0.1,"min_rate":83124.9,"max_rate":84850.6,"is_open":false,"enter_tag":"long1","leverage":1.0,"is_short":false,"open_timestamp":1744768800000,"close_timestamp":1744812000000,"orders":[{"amount":0.004,"safe_price":83626.1,"ft_order_side":"buy","order_filled_timestamp":1744768800000,"ft_is_entry":true,"ft_order_tag":"long1","cost":334.67165220000004},{"amount":0.004,"safe_price":84546.44727363682,"ft_order_side":"sell","order_filled_timestamp":1744812000000,"ft_is_entry":false,"ft_order_tag":"roi","cost":338.3548819890945}]}],"locks":[],"best_pair":{"key":"BTC/USDT:USDT","trades":8,"profit_mean":0.009892641476334545,"profit_mean_pct":0.99,"profit_sum":0.07914113181067636,"profit_sum_pct":7.91,"profit_total_abs":26.252527289999996,"profit_total":0.026252527289999997,"profit_total_pct":2.63,"duration_avg":"22:08:00","wins":8,"draws":0,"losses":0,"winrate":1.0,"cagr":0.21780881666622087,"expectancy":3.2815659112499995,"expectancy_ratio":100.0,"sortino":-100,"sharpe":140.40754612425636,"calmar":-100,"sqn":116.666,"profit_factor":0.0,"max_drawdown_account":0.0,"max_drawdown_abs":0.0},"worst_pair":{"key":"BTC/USDT:USDT","trades":8,"profit_mean":0.009892641476334545,"profit_mean_pct":0.99,"profit_sum":0.07914113181067636,"profit_sum_pct":7.91,"profit_total_abs":26.252527289999996,"profit_total":0.026252527289999997,"profit_total_pct":2.63,"duration_avg":"22:08:00","wins":8,"draws":0,"losses":0,"winrate":1.0,"cagr":0.21780881666622087,"expectancy":3.2815659112499995,"expectancy_ratio":100.0,"sortino":-100,"sharpe":140.40754612425636,"calmar":-100,"sqn":116.666,"profit_factor":0.0,"max_drawdown_account":0.0,"max_drawdown_abs":0.0},"results_per_pair":[{"key":"BTC/USDT:USDT","trades":8,"profit_mean":0.009892641476334545,"profit_mean_pct":0.99,"profit_sum":0.07914113181067636,"profit_sum_pct":7.91,"profit_total_abs":26.252527289999996,"profit_total":0.026252527289999997,"profit_total_pct":2.63,"duration_avg":"22:08:00","wins":8,"draws":0,"losses":0,"winrate":1.0,"cagr":0.21780881666622087,"expectancy":3.2815659112499995,"expectancy_ratio":100.0,"sortino":-100,"sharpe":140.40754612425636,"calmar":-100,"sqn":116.666,"profit_factor":0.0,"max_drawdown_account":0.0,"max_drawdown_abs":0.0},{"key":"TOTAL","trades":8,"profit_mean":0.009892641476334545,"profit_mean_pct":0.99,"profit_sum":0.07914113181067636,"profit_sum_pct":7.91,"profit_total_abs":26.252527289999996,"profit_total":0.026252527289999997,"profit_total_pct":2.63,"duration_avg":"22:08:00","wins":8,"draws":0,"losses":0,"winrate":1.0,"cagr":0.21780881666622087,"expectancy":3.2815659112499995,"expectancy_ratio":100.0,"sortino":-100,"sharpe":140.40754612425636,"calmar":-100,"sqn":116.666,"profit_factor":0.0,"max_drawdown_account":0.0,"max_drawdown_abs":0.0}],"results_per_enter_tag":[{"key":"long1","trades":8,"profit_mean":0.009892641476334545,"profit_mean_pct":0.99,"profit_sum":0.07914113181067636,"profit_sum_pct":7.91,"profit_total_abs":26.252527289999996,"profit_total":0.026252527289999997,"profit_total_pct":2.63,"duration_avg":"22:08:00","wins":8,"draws":0,"losses":0,"winrate":1.0,"cagr":0.21780881666622087,"expectancy":3.2815659112499995,"expectancy_ratio":100.0,"sortino":-100,"sharpe":140.40754612425636,"calmar":-100,"sqn":116.666,"profit_factor":0.0,"max_drawdown_account":0.0,"max_drawdown_abs":0.0},{"key":"TOTAL","trades":8,"profit_mean":0.009892641476334545,"profit_mean_pct":0.99,"profit_sum":0.07914113181067636,"profit_sum_pct":7.91,"profit_total_abs":26.252527289999996,"profit_total":0.026252527289999997,"profit_total_pct":2.63,"duration_avg":"22:08:00","wins":8,"draws":0,"losses":0,"winrate":1.0,"cagr":0.21780881666622087,"expectancy":3.2815659112499995,"expectancy_ratio":100.0,"sortino":-100,"sharpe":140.40754612425636,"calmar":-100,"sqn":116.666,"profit_factor":0.0,"max_drawdown_account":0.0,"max_drawdown_abs":0.0}],"exit_reason_summary":[{"key":"roi","trades":8,"profit_mean":0.009892641476334545,"profit_mean_pct":0.99,"profit_sum":0.07914113181067636,"profit_sum_pct":7.91,"profit_total_abs":26.252527289999996,"profit_total":0.026252527289999997,"profit_total_pct":2.63,"duration_avg":"22:08:00","wins":8,"draws":0,"losses":0,"winrate":1.0,"cagr":0.21780881666622087,"expectancy":3.2815659112499995,"expectancy_ratio":100.0,"sortino":-100,"sharpe":140.40754612425636,"calmar":-100,"sqn":116.666,"profit_factor":0.0,"max_drawdown_account":0.0,"max_drawdown_abs":0.0},{"key":"TOTAL","trades":8,"profit_mean":0.009892641476334545,"profit_mean_pct":0.99,"profit_sum":0.07914113181067636,"profit_sum_pct":7.91,"profit_total_abs":26.252527289999996,"profit_total":0.026252527289999997,"profit_total_pct":2.63,"duration_avg":"22:08:00","wins":8,"draws":0,"losses":0,"winrate":1.0,"cagr":0.21780881666622087,"expectancy":3.2815659112499995,"expectancy_ratio":100.0,"sortino":-100,"sharpe":140.40754612425636,"calmar":-100,"sqn":116.666,"profit_factor":0.0,"max_drawdown_account":0.0,"max_drawdown_abs":0.0}],"mix_tag_stats":[{"key":["long1","roi"],"trades":8,"profit_mean":0.009892641476334545,"profit_mean_pct":0.99,"profit_sum":0.07914113181067636,"profit_sum_pct":7.91,"profit_total_abs":26.252527289999996,"profit_total":0.026252527289999997,"profit_total_pct":2.63,"duration_avg":"22:08:00","wins":8,"draws":0,"losses":0,"winrate":1.0,"cagr":0.21780881666622087,"expectancy":3.2815659112499995,"expectancy_ratio":100.0,"sortino":-100,"sharpe":140.40754612425636,"calmar":-100,"sqn":116.666,"profit_factor":0.0,"max_drawdown_account":0.0,"max_drawdown_abs":0.0},{"key":"TOTAL","trades":8,"profit_mean":0.009892641476334545,"profit_mean_pct":0.99,"profit_sum":0.07914113181067636,"profit_sum_pct":7.91,"profit_total_abs":26.252527289999996,"profit_total":0.026252527289999997,"profit_total_pct":2.63,"duration_avg":"22:08:00","wins":8,"draws":0,"losses":0,"winrate":1.0,"cagr":0.21780881666622087,"expectancy":3.2815659112499995,"expectancy_ratio":100.0,"sortino":-100,"sharpe":140.40754612425636,"calmar":-100,"sqn":116.666,"profit_factor":0.0,"max_drawdown_account":0.0,"max_drawdown_abs":0.0}],"left_open_trades":[{"key":"TOTAL","trades":0,"profit_mean":0.0,"profit_mean_pct":0.0,"profit_sum":0.0,"profit_sum_pct":0.0,"profit_total_abs":0.0,"profit_total":0.0,"profit_total_pct":0.0,"duration_avg":"0:00","wins":0,"draws":0,"losses":0,"winrate":0.0,"cagr":0.0,"expectancy":0.0,"expectancy_ratio":100.0,"sortino":0,"sharpe":0,"calmar":0,"sqn":0.0,"profit_factor":0.0,"max_drawdown_account":0.0,"max_drawdown_abs":0.0}],"total_trades":8,"trade_count_long":8,"trade_count_short":0,"total_volume":5336.771086134117,"avg_stake_amount":331.55702625,"profit_mean":0.009892641476334545,"profit_median":0.009960892076247849,"profit_total":0.026252527289999997,"profit_total_long":0.026252527289999997,"profit_total_short":0.0,"profit_total_abs":26.252527289999996,"profit_total_long_abs":26.252527289999996,"profit_total_short_abs":0.0,"cagr":0.21780881666622087,"expectancy":3.2815659112499995,"expectancy_ratio":100.0,"sortino":-100,"sharpe":140.40754612425636,"calmar":-100,"sqn":116.666,"profit_factor":0.0,"backtest_start":"2025-02-28 00:00:00","backtest_start_ts":1740700800000,"backtest_end":"2025-04-17 08:00:00","backtest_end_ts":1744876800000,"backtest_days":48,"backtest_run_start_ts":1745333781,"backtest_run_end_ts":1745333782,"trades_per_day":0.17,"market_change":0.00236541860075939,"pairlist":["BTC/USDT:USDT"],"stake_amount":"unlimited","stake_currency":"USDT","stake_currency_decimals":3,"starting_balance":1000,"dry_run_wallet":1000,"final_balance":1026.25252729,"rejected_signals":0,"timedout_entry_orders":0,"timedout_exit_orders":0,"canceled_trade_entries":0,"canceled_entry_orders":0,"replaced_entry_orders":0,"max_open_trades":1,"max_open_trades_setting":3,"timeframe":"1h","timeframe_detail":"","timerange":"20250228-","enable_protections":false,"strategy_name":"advanced","stoploss":-0.1,"trailing_stop":false,"trailing_stop_positive":null,"trailing_stop_positive_offset":0.0,"trailing_only_offset_is_reached":false,"use_custom_stoploss":true,"minimal_roi":{"60":0.01,"30":0.02,"0":0.04},"use_exit_signal":true,"exit_profit_only":false,"exit_profit_offset":0.0,"ignore_roi_if_entry_signal":false,"trading_mode":"futures","margin_mode":"isolated","periodic_breakdown":{"day":[{"date":"28/02/2025","date_ts":1740700800000,"profit_abs":3.2939769,"wins":1,"draws":0,"losses":0,"trades":1,"profit_factor":0.0},{"date":"01/03/2025","date_ts":1740787200000,"profit_abs":0.0,"wins":0,"draws":0,"losses":0,"trades":0,"profit_factor":0.0},{"date":"02/03/2025","date_ts":1740873600000,"profit_abs":0.0,"wins":0,"draws":0,"losses":0,"trades":0,"profit_factor":0.0},{"date":"03/03/2025","date_ts":1740960000000,"profit_abs":0.0,"wins":0,"draws":0,"losses":0,"trades":0,"profit_factor":0.0},{"date":"04/03/2025","date_ts":1741046400000,"profit_abs":0.0,"wins":0,"draws":0,"losses":0,"trades":0,"profit_factor":0.0},{"date":"05/03/2025","date_ts":1741132800000,"profit_abs":0.0,"wins":0,"draws":0,"losses":0,"trades":0,"profit_factor":0.0},{"date":"06/03/2025","date_ts":1741219200000,"profit_abs":0.0,"wins":0,"draws":0,"losses":0,"trades":0,"profit_factor":0.0},{"date":"07/03/2025","date_ts":1741305600000,"profit_abs":0.0,"wins":0,"draws":0,"losses":0,"trades":0,"profit_factor":0.0},{"date":"08/03/2025","date_ts":1741392000000,"profit_abs":0.0,"wins":0,"draws":0,"losses":0,"trades":0,"profit_factor":0.0},{"date":"09/03/2025","date_ts":1741478400000,"profit_abs":0.0,"wins":0,"draws":0,"losses":0,"trades":0,"profit_factor":0.0},{"date":"10/03/2025","date_ts":1741564800000,"profit_abs":3.22836546,"wins":1,"draws":0,"losses":0,"trades":1,"profit_factor":0.0},{"date":"11/03/2025","date_ts":1741651200000,"profit_abs":3.31012389,"wins":1,"draws":0,"losses":0,"trades":1,"profit_factor":0.0},{"date":"12/03/2025","date_ts":1741737600000,"profit_abs":0.0,"wins":0,"draws":0,"losses":0,"trades":0,"profit_factor":0.0},{"date":"13/03/2025","date_ts":1741824000000,"profit_abs":0.0,"wins":0,"draws":0,"losses":0,"trades":0,"profit_factor":0.0},{"date":"14/03/2025","date_ts":1741910400000,"profit_abs":3.29403656,"wins":1,"draws":0,"losses":0,"trades":1,"profit_factor":0.0},{"date":"15/03/2025","date_ts":1741996800000,"profit_abs":0.0,"wins":0,"draws":0,"losses":0,"trades":0,"profit_factor":0.0},{"date":"16/03/2025","date_ts":1742083200000,"profit_abs":0.0,"wins":0,"draws":0,"losses":0,"trades":0,"profit_factor":0.0},{"date":"17/03/2025","date_ts":1742169600000,"profit_abs":0.0,"wins":0,"draws":0,"losses":0,"trades":0,"profit_factor":0.0},{"date":"18/03/2025","date_ts":1742256000000,"profit_abs":0.0,"wins":0,"draws":0,"losses":0,"trades":0,"profit_factor":0.0},{"date":"19/03/2025","date_ts":1742342400000,"profit_abs":0.0,"wins":0,"draws":0,"losses":0,"trades":0,"profit_factor":0.0},{"date":"20/03/2025","date_ts":1742428800000,"profit_abs":0.0,"wins":0,"draws":0,"losses":0,"trades":0,"profit_factor":0.0},{"date":"21/03/2025","date_ts":1742515200000,"profit_abs":0.0,"wins":0,"draws":0,"losses":0,"trades":0,"profit_factor":0.0},{"date":"22/03/2025","date_ts":1742601600000,"profit_abs":0.0,"wins":0,"draws":0,"losses":0,"trades":0,"profit_factor":0.0},{"date":"23/03/2025","date_ts":1742688000000,"profit_abs":0.0,"wins":0,"draws":0,"losses":0,"trades":0,"profit_factor":0.0},{"date":"24/03/2025","date_ts":1742774400000,"profit_abs":0.0,"wins":0,"draws":0,"losses":0,"trades":0,"profit_factor":0.0},{"date":"25/03/2025","date_ts":1742860800000,"profit_abs":0.0,"wins":0,"draws":0,"losses":0,"trades":0,"profit_factor":0.0},{"date":"26/03/2025","date_ts":1742947200000,"profit_abs":0.0,"wins":0,"draws":0,"losses":0,"trades":0,"profit_factor":0.0},{"date":"27/03/2025","date_ts":1743033600000,"profit_abs":0.0,"wins":0,"draws":0,"losses":0,"trades":0,"profit_factor":0.0},{"date":"28/03/2025","date_ts":1743120000000,"profit_abs":0.0,"wins":0,"draws":0,"losses":0,"trades":0,"profit_factor":0.0},{"date":"29/03/2025","date_ts":1743206400000,"profit_abs":0.0,"wins":0,"draws":0,"losses":0,"trades":0,"profit_factor":0.0},{"date":"30/03/2025","date_ts":1743292800000,"profit_abs":0.0,"wins":0,"draws":0,"losses":0,"trades":0,"profit_factor":0.0},{"date":"31/03/2025","date_ts":1743379200000,"profit_abs":0.0,"wins":0,"draws":0,"losses":0,"trades":0,"profit_factor":0.0},{"date":"01/04/2025","date_ts":1743465600000,"profit_abs":0.0,"wins":0,"draws":0,"losses":0,"trades":0,"profit_factor":0.0},{"date":"02/04/2025","date_ts":1743552000000,"profit_abs":3.11045428,"wins":1,"draws":0,"losses":0,"trades":1,"profit_factor":0.0},{"date":"03/04/2025","date_ts":1743638400000,"profit_abs":0.0,"wins":0,"draws":0,"losses":0,"trades":0,"profit_factor":0.0},{"date":"04/04/2025","date_ts":1743724800000,"profit_abs":0.0,"wins":0,"draws":0,"losses":0,"trades":0,"profit_factor":0.0},{"date":"05/04/2025","date_ts":1743811200000,"profit_abs":0.0,"wins":0,"draws":0,"losses":0,"trades":0,"profit_factor":0.0},{"date":"06/04/2025","date_ts":1743897600000,"profit_abs":0.0,"wins":0,"draws":0,"losses":0,"trades":0,"profit_factor":0.0},{"date":"07/04/2025","date_ts":1743984000000,"profit_abs":3.31108281,"wins":1,"draws":0,"losses":0,"trades":1,"profit_factor":0.0},{"date":"08/04/2025","date_ts":1744070400000,"profit_abs":0.0,"wins":0,"draws":0,"losses":0,"trades":0,"profit_factor":0.0},{"date":"09/04/2025","date_ts":1744156800000,"profit_abs":3.3624756,"wins":1,"draws":0,"losses":0,"trades":1,"profit_factor":0.0},{"date":"10/04/2025","date_ts":1744243200000,"profit_abs":0.0,"wins":0,"draws":0,"losses":0,"trades":0,"profit_factor":0.0},{"date":"11/04/2025","date_ts":1744329600000,"profit_abs":0.0,"wins":0,"draws":0,"losses":0,"trades":0,"profit_factor":0.0},{"date":"12/04/2025","date_ts":1744416000000,"profit_abs":0.0,"wins":0,"draws":0,"losses":0,"trades":0,"profit_factor":0.0},{"date":"13/04/2025","date_ts":1744502400000,"profit_abs":0.0,"wins":0,"draws":0,"losses":0,"trades":0,"profit_factor":0.0},{"date":"14/04/2025","date_ts":1744588800000,"profit_abs":0.0,"wins":0,"draws":0,"losses":0,"trades":0,"profit_factor":0.0},{"date":"15/04/2025","date_ts":1744675200000,"profit_abs":0.0,"wins":0,"draws":0,"losses":0,"trades":0,"profit_factor":0.0},{"date":"16/04/2025","date_ts":1744761600000,"profit_abs":3.34201179,"wins":1,"draws":0,"losses":0,"trades":1,"profit_factor":0.0}],"week":[{"date":"03/03/2025","date_ts":1740960000000,"profit_abs":3.2939769,"wins":1,"draws":0,"losses":0,"trades":1,"profit_factor":0.0},{"date":"10/03/2025","date_ts":1741564800000,"profit_abs":3.22836546,"wins":1,"draws":0,"losses":0,"trades":1,"profit_factor":0.0},{"date":"17/03/2025","date_ts":1742169600000,"profit_abs":6.60416045,"wins":2,"draws":0,"losses":0,"trades":2,"profit_factor":0.0},{"date":"24/03/2025","date_ts":1742774400000,"profit_abs":0.0,"wins":0,"draws":0,"losses":0,"trades":0,"profit_factor":0.0},{"date":"31/03/2025","date_ts":1743379200000,"profit_abs":0.0,"wins":0,"draws":0,"losses":0,"trades":0,"profit_factor":0.0},{"date":"07/04/2025","date_ts":1743984000000,"profit_abs":6.42153709,"wins":2,"draws":0,"losses":0,"trades":2,"profit_factor":0.0},{"date":"14/04/2025","date_ts":1744588800000,"profit_abs":3.3624756,"wins":1,"draws":0,"losses":0,"trades":1,"profit_factor":0.0},{"date":"21/04/2025","date_ts":1745193600000,"profit_abs":3.34201179,"wins":1,"draws":0,"losses":0,"trades":1,"profit_factor":0.0}],"month":[{"date":"28/02/2025","date_ts":1740700800000,"profit_abs":3.2939769,"wins":1,"draws":0,"losses":0,"trades":1,"profit_factor":0.0},{"date":"31/03/2025","date_ts":1743379200000,"profit_abs":9.83252591,"wins":3,"draws":0,"losses":0,"trades":3,"profit_factor":0.0},{"date":"30/04/2025","date_ts":1745971200000,"profit_abs":13.12602448,"wins":4,"draws":0,"losses":0,"trades":4,"profit_factor":0.0}],"year":[{"date":"31/12/2025","date_ts":1767139200000,"profit_abs":26.25252729,"wins":8,"draws":0,"losses":0,"trades":8,"profit_factor":0.0}]},"backtest_best_day":0.009995002498750625,"backtest_worst_day":0.0,"backtest_best_day_abs":3.3624756,"backtest_worst_day_abs":0.0,"winning_days":8,"draw_days":40,"losing_days":0,"daily_profit":[["2025-02-28",3.2939769],["2025-03-01",0.0],["2025-03-02",0.0],["2025-03-03",0.0],["2025-03-04",0.0],["2025-03-05",0.0],["2025-03-06",0.0],["2025-03-07",0.0],["2025-03-08",0.0],["2025-03-09",0.0],["2025-03-10",3.22836546],["2025-03-11",3.31012389],["2025-03-12",0.0],["2025-03-13",0.0],["2025-03-14",3.29403656],["2025-03-15",0.0],["2025-03-16",0.0],["2025-03-17",0.0],["2025-03-18",0.0],["2025-03-19",0.0],["2025-03-20",0.0],["2025-03-21",0.0],["2025-03-22",0.0],["2025-03-23",0.0],["2025-03-24",0.0],["2025-03-25",0.0],["2025-03-26",0.0],["2025-03-27",0.0],["2025-03-28",0.0],["2025-03-29",0.0],["2025-03-30",0.0],["2025-03-31",0.0],["2025-04-01",0.0],["2025-04-02",3.11045428],["2025-04-03",0.0],["2025-04-04",0.0],["2025-04-05",0.0],["2025-04-06",0.0],["2025-04-07",3.31108281],["2025-04-08",0.0],["2025-04-09",3.3624756],["2025-04-10",0.0],["2025-04-11",0.0],["2025-04-12",0.0],["2025-04-13",0.0],["2025-04-14",0.0],["2025-04-15",0.0],["2025-04-16",3.34201179]],"wins":8,"losses":0,"draws":0,"winrate":1.0,"holding_avg":"22:08:00","holding_avg_s":79680.0,"winner_holding_avg":"22:08:00","winner_holding_avg_s":79680.0,"loser_holding_avg":"0:00:00","loser_holding_avg_s":0.0,"max_consecutive_wins":8,"max_consecutive_losses":0,"max_drawdown_account":0.0,"max_relative_drawdown":0.0,"max_drawdown_abs":0.0,"drawdown_start":"2025-02-28 13:00:00","drawdown_start_ts":1740747600000.0,"drawdown_end":"2025-02-28 13:00:00","drawdown_end_ts":1740747600000.0,"max_drawdown_low":3.2939769,"max_drawdown_high":3.2939769,"csum_min":1003.2939769,"csum_max":1026.25252729}},"strategy_comparison":[{"key":"mini","trades":14,"profit_mean":-0.010477776148969222,"profit_mean_pct":-1.05,"profit_sum":-0.1466888660855691,"profit_sum_pct":-14.67,"profit_total_abs":-17.04969679,"profit_total":-0.01704969679,"profit_total_pct":-1.7,"duration_avg":"4:56:00","wins":11,"draws":0,"losses":3,"winrate":0.7857142857142857,"cagr":-0.12257754447101232,"expectancy":-1.217835485,"expectancy_ratio":-0.15456686904474892,"sortino":-2.4547703960129796,"sharpe":-1.8306820362546112,"calmar":-34.003463597461305,"sqn":-1.1845,"profit_factor":0.27868794445783845,"max_drawdown_account":0.01995715811870006,"max_drawdown_abs":"19.981"},{"key":"advanced","trades":8,"profit_mean":0.009892641476334545,"profit_mean_pct":0.99,"profit_sum":0.07914113181067636,"profit_sum_pct":7.91,"profit_total_abs":26.252527289999996,"profit_total":0.026252527289999997,"profit_total_pct":2.63,"duration_avg":"22:08:00","wins":8,"draws":0,"losses":0,"winrate":1.0,"cagr":0.21780881666622087,"expectancy":3.2815659112499995,"expectancy_ratio":100.0,"sortino":-100,"sharpe":140.40754612425636,"calmar":-100,"sqn":116.666,"profit_factor":0.0,"max_drawdown_account":0.0,"max_drawdown_abs":"0"}]}