{"strategy":{"mini":{"trades":[{"pair":"BTC/USDT:USDT","stake_amount":56.23863,"max_stake_amount":56.23863,"amount":0.0007,"open_date":"2025-02-28 10:00:00+00:00","close_date":"2025-02-28 13:00:00+00:00","open_rate":80340.9,"close_rate":81225.09199599798,"fee_open":0.0005,"fee_close":0.0005,"trade_duration":180,"profit_ratio":0.009995002498750625,"profit_abs":0.5623863,"exit_reason":"roi","initial_stop_loss_abs":72306.9,"initial_stop_loss_ratio":-0.1,"stop_loss_abs":72306.9,"stop_loss_ratio":-0.1,"min_rate":79538.5,"max_rate":81756.7,"is_open":false,"enter_tag":"","leverage":1.0,"is_short":false,"open_timestamp":1740736800000,"close_timestamp":1740747600000,"orders":[{"amount":0.0007,"safe_price":80340.9,"ft_order_side":"buy","order_filled_timestamp":1740736800000,"ft_is_entry":true,"ft_order_tag":"","cost":56.26674931499999},{"amount":0.0007,"safe_price":81225.09199599798,"ft_order_side":"sell","order_filled_timestamp":1740747600000,"ft_is_entry":false,"ft_order_tag":"roi","cost":56.88599317939718}]},{"pair":"BTC/USDT:USDT","stake_amount":58.74554,"max_stake_amount":58.74554,"amount":0.0007,"open_date":"2025-03-04 03:00:00+00:00","close_date":"2025-03-04 14:00:00+00:00","open_rate":83922.2,"close_rate":84845.80600300149,"fee_open":0.0005,"fee_close":0.0005,"trade_duration":660,"profit_ratio":0.009958098998638462,"profit_abs":0.5852864,"exit_reason":"roi","initial_stop_loss_abs":75530.0,"initial_stop_loss_ratio":-0.1,"stop_loss_abs":75530.0,"stop_loss_ratio":-0.1,"min_rate":82051.5,"max_rate":84994.8,"is_open":false,"enter_tag":"","leverage":1.0,"is_short":false,"open_timestamp":1741057200000,"close_timestamp":1741096800000,"orders":[{"amount":0.0007,"safe_price":83922.2,"ft_order_side":"buy","order_filled_timestamp":1741057200000,"ft_is_entry":true,"ft_order_tag":"","cost":58.77491276999999},{"amount":0.0007,"safe_price":84845.80600300149,"ft_order_side":"sell","order_filled_timestamp":1741096800000,"ft_is_entry":false,"ft_order_tag":"roi","cost":59.42176023420209}]},{"pair":"BTC/USDT:USDT","stake_amount":132.17347,"max_stake_amount":132.17347,"amount":0.0016,"open_date":"2025-03-09 12:00:00+00:00","close_date":"2025-03-10 09:00:00+00:00","open_rate":82608.4,"close_rate":83517.54697348674,"fee_open":0.0005,"fee_close":0.0005,"trade_duration":1260,"profit_ratio":0.00994765668064155,"profit_abs":1.31547371,"exit_reason":"roi","initial_stop_loss_abs":76516.2,"initial_stop_loss_ratio":-0.1,"stop_loss_abs":76516.2,"stop_loss_ratio":-0.1,"min_rate":79940.0,"max_rate":85063.9,"is_open":false,"enter_tag":"","leverage":1.0,"is_short":false,"open_timestamp":1741521600000,"close_timestamp":1741597200000,"orders":[{"amount":0.0007,"safe_price":85018.0,"ft_order_side":"buy","order_filled_timestamp":1741521600000,"ft_is_entry":true,"ft_order_tag":"","cost":59.542356299999994},{"amount":0.0009,"safe_price":80734.3,"ft_order_side":"buy","order_filled_timestamp":1741564800000,"ft_is_entry":true,"ft_order_tag":"1/3rd_increase","cost":72.697200435},{"amount":0.0016,"safe_price":83517.54697348674,"ft_order_side":"sell","order_filled_timestamp":1741597200000,"ft_is_entry":false,"ft_order_tag":"roi","cost":133.69488919515757}]},{"pair":"BTC/USDT:USDT","stake_amount":55.35257,"max_stake_amount":55.35257,"amount":0.0007,"open_date":"2025-03-10 20:00:00+00:00","close_date":"2025-03-11 04:00:00+00:00","open_rate":79075.1,"close_rate":79945.36123061531,"fee_open":0.0005,"fee_close":0.0005,"trade_duration":480,"profit_ratio":0.00996180690784373,"profit_abs":0.55168732,"exit_reason":"roi","initial_stop_loss_abs":71167.6,"initial_stop_loss_ratio":-0.1,"stop_loss_abs":71167.6,"stop_loss_ratio":-0.1,"min_rate":76600.0,"max_rate":80258.6,"is_open":false,"enter_tag":"","leverage":1.0,"is_short":false,"open_timestamp":1741636800000,"close_timestamp":1741665600000,"orders":[{"amount":0.0007,"safe_price":79075.1,"ft_order_side":"buy","order_filled_timestamp":1741636800000,"ft_is_entry":true,"ft_order_tag":"","cost":55.380246285},{"amount":0.0007,"safe_price":79945.36123061531,"ft_order_side":"sell","order_filled_timestamp":1741665600000,"ft_is_entry":false,"ft_order_tag":"roi","cost":55.98973373786143}]},{"pair":"BTC/USDT:USDT","stake_amount":56.58149,"max_stake_amount":56.58149,"amount":0.0007,"open_date":"2025-03-13 19:00:00+00:00","close_date":"2025-03-14 01:00:00+00:00","open_rate":80830.7,"close_rate":81720.28249124561,"fee_open":0.0005,"fee_close":0.0005,"trade_duration":360,"profit_ratio":0.009934616997252248,"profit_abs":0.56239649,"exit_reason":"roi","initial_stop_loss_abs":72747.7,"initial_stop_loss_ratio":-0.1,"stop_loss_abs":72747.7,"stop_loss_ratio":-0.1,"min_rate":80140.1,"max_rate":81884.2,"is_open":false,"enter_tag":"","leverage":1.0,"is_short":false,"open_timestamp":1741892400000,"close_timestamp":1741914000000,"orders":[{"amount":0.0007,"safe_price":80830.7,"ft_order_side":"buy","order_filled_timestamp":1741892400000,"ft_is_entry":true,"ft_order_tag":"","cost":56.609780744999995},{"amount":0.0007,"safe_price":81720.28249124561,"ft_order_side":"sell","order_filled_timestamp":1741914000000,"ft_is_entry":false,"ft_order_tag":"roi","cost":57.232799842743866}]},{"pair":"BTC/USDT:USDT","stake_amount":57.925,"max_stake_amount":57.925,"amount":0.0007,"open_date":"2025-03-16 13:00:00+00:00","close_date":"2025-03-16 16:00:00+00:00","open_rate":82750.0,"close_rate":83660.70535267633,"fee_open":0.0005,"fee_close":0.0005,"trade_duration":180,"profit_ratio":0.009979079687605485,"profit_abs":0.57832721,"exit_reason":"roi","initial_stop_loss_abs":74475.0,"initial_stop_loss_ratio":-0.1,"stop_loss_abs":74475.0,"stop_loss_ratio":-0.1,"min_rate":82500.0,"max_rate":85167.9,"is_open":false,"enter_tag":"","leverage":1.0,"is_short":false,"open_timestamp":1742130000000,"close_timestamp":1742140800000,"orders":[{"amount":0.0007,"safe_price":82750.0,"ft_order_side":"buy","order_filled_timestamp":1742130000000,"ft_is_entry":true,"ft_order_tag":"","cost":57.953962499999996},{"amount":0.0007,"safe_price":83660.70535267633,"ft_order_side":"sell","order_filled_timestamp":1742140800000,"ft_is_entry":false,"ft_order_tag":"roi","cost":58.59177499374687}]},{"pair":"BTC/USDT:USDT","stake_amount":57.28877,"max_stake_amount":57.28877,"amount":0.0007,"open_date":"2025-03-18 15:00:00+00:00","close_date":"2025-03-18 23:00:00+00:00","open_rate":81841.1,"close_rate":82741.80245122562,"fee_open":0.0005,"fee_close":0.0005,"trade_duration":480,"profit_ratio":0.009984773321348069,"profit_abs":0.57230139,"exit_reason":"roi","initial_stop_loss_abs":73657.0,"initial_stop_loss_ratio":-0.1,"stop_loss_abs":73657.0,"stop_loss_ratio":-0.1,"min_rate":81230.5,"max_rate":82811.7,"is_open":false,"enter_tag":"","leverage":1.0,"is_short":false,"open_timestamp":1742310000000,"close_timestamp":1742338800000,"orders":[{"amount":0.0007,"safe_price":81841.1,"ft_order_side":"buy","order_filled_timestamp":1742310000000,"ft_is_entry":true,"ft_order_tag":"","cost":57.317414385000006},{"amount":0.0007,"safe_price":82741.80245122562,"ft_order_side":"sell","order_filled_timestamp":1742338800000,"ft_is_entry":false,"ft_order_tag":"roi","cost":57.94822134671586}]},{"pair":"BTC/USDT:USDT","stake_amount":59.675,"max_stake_amount":59.675,"amount":0.0007,"open_date":"2025-03-28 12:00:00+00:00","close_date":"2025-04-01 16:00:00+00:00","open_rate":85250.0,"close_rate":85295.7,"fee_open":0.0005,"fee_close":0.0005,"trade_duration":6000,"profit_ratio":-0.0010077119797872326,"profit_abs":-0.06016528,"exit_reason":"exit_signal","initial_stop_loss_abs":76725.0,"initial_stop_loss_ratio":-0.1,"stop_loss_abs":76725.0,"stop_loss_ratio":-0.1,"min_rate":81260.9,"max_rate":85642.8,"is_open":false,"enter_tag":"","leverage":1.0,"is_short":false,"open_timestamp":1743163200000,"close_timestamp":1743523200000,"orders":[{"amount":0.0007,"safe_price":85250.0,"ft_order_side":"buy","order_filled_timestamp":1743163200000,"ft_is_entry":true,"ft_order_tag":"","cost":59.7048375},{"amount":0.0007,"safe_price":85295.7,"ft_order_side":"sell","order_filled_timestamp":1743523200000,"ft_is_entry":false,"ft_order_tag":"exit_signal","cost":59.736843494999995}]},{"pair":"BTC/USDT:USDT","stake_amount":122.99738,"max_stake_amount":122.99738,"amount":0.0016,"open_date":"2025-04-07 02:00:00+00:00","close_date":"2025-04-07 13:00:00+00:00","open_rate":76873.4,"close_rate":77719.43041520758,"fee_open":0.0005,"fee_close":0.0005,"trade_duration":660,"profit_ratio":0.00994075237010434,"profit_abs":1.22329784,"exit_reason":"roi","initial_stop_loss_abs":71215.4,"initial_stop_loss_ratio":-0.1,"stop_loss_abs":71215.4,"stop_loss_ratio":-0.1,"min_rate":74505.2,"max_rate":79217.3,"is_open":false,"enter_tag":"","leverage":1.0,"is_short":false,"open_timestamp":1743991200000,"close_timestamp":1744030800000,"orders":[{"amount":0.0007,"safe_price":79128.2,"ft_order_side":"buy","order_filled_timestamp":1743991200000,"ft_is_entry":true,"ft_order_tag":"","cost":55.417434869999994},{"amount":0.0009,"safe_price":75119.6,"ft_order_side":"buy","order_filled_timestamp":1744012800000,"ft_is_entry":true,"ft_order_tag":"1/3rd_increase","cost":67.64144382},{"amount":0.0016,"safe_price":77719.43041520758,"ft_order_side":"sell","order_filled_timestamp":1744030800000,"ft_is_entry":false,"ft_order_tag":"roi","cost":124.41326420866429}]},{"pair":"BTC/USDT:USDT","stake_amount":53.49393,"max_stake_amount":53.49393,"amount":0.0007,"open_date":"2025-04-09 05:00:00+00:00","close_date":"2025-04-09 06:00:00+00:00","open_rate":76419.9,"close_rate":77260.93941970983,"fee_open":0.0005,"fee_close":0.0005,"trade_duration":60,"profit_ratio":0.009995002498750625,"profit_abs":0.5349393,"exit_reason":"roi","initial_stop_loss_abs":68778.0,"initial_stop_loss_ratio":-0.1,"stop_loss_abs":68778.0,"stop_loss_ratio":-0.1,"min_rate":76211.8,"max_rate":77324.2,"is_open":false,"enter_tag":"","leverage":1.0,"is_short":false,"open_timestamp":1744174800000,"close_timestamp":1744178400000,"orders":[{"amount":0.0007,"safe_price":76419.9,"ft_order_side":"buy","order_filled_timestamp":1744174800000,"ft_is_entry":true,"ft_order_tag":"","cost":53.52067696499999},{"amount":0.0007,"safe_price":77260.93941970983,"ft_order_side":"sell","order_filled_timestamp":1744178400000,"ft_is_entry":false,"ft_order_tag":"roi","cost":54.10969892259378}]},{"pair":"BTC/USDT:USDT","stake_amount":58.53827,"max_stake_amount":58.53827,"amount":0.0007,"open_date":"2025-04-16 02:00:00+00:00","close_date":"2025-04-16 14:00:00+00:00","open_rate":83626.1,"close_rate":84546.44727363682,"fee_open":0.0005,"fee_close":0.0005,"trade_duration":720,"profit_ratio":0.009985942189783624,"profit_abs":0.58485206,"exit_reason":"roi","initial_stop_loss_abs":75263.5,"initial_stop_loss_ratio":-0.1,"stop_loss_abs":75263.5,"stop_loss_ratio":-0.1,"min_rate":83124.9,"max_rate":84850.6,"is_open":false,"enter_tag":"","leverage":1.0,"is_short":false,"open_timestamp":1744768800000,"close_timestamp":1744812000000,"orders":[{"amount":0.0007,"safe_price":83626.1,"ft_order_side":"buy","order_filled_timestamp":1744768800000,"ft_is_entry":true,"ft_order_tag":"","cost":58.567539135000004},{"amount":0.0007,"safe_price":84546.44727363682,"ft_order_side":"sell","order_filled_timestamp":1744812000000,"ft_is_entry":false,"ft_order_tag":"roi","cost":59.21210434809154}]}],"locks":[],"best_pair":{"key":"BTC/USDT:USDT","trades":11,"profit_mean":0.008970456379175594,"profit_mean_pct":0.9,"profit_sum":0.09867502017093152,"profit_sum_pct":9.87,"profit_total_abs":7.010782740000001,"profit_total":0.007010782740000001,"profit_total_pct":0.7,"duration_avg":"16:44:00","wins":10,"draws":0,"losses":1,"winrate":0.9090909090909091,"cagr":0.054561618203995854,"expectancy":0.6373438854545455,"expectancy_ratio":10.593217308297168,"sortino":-100,"sharpe":8.019042898497046,"calmar":4659.874344236189,"sqn":5.7919,"profit_factor":117.52539039126886,"max_drawdown_account":5.9882165575415595e-05,"max_drawdown_abs":0.060165279999999655},"worst_pair":{"key":"BTC/USDT:USDT","trades":11,"profit_mean":0.008970456379175594,"profit_mean_pct":0.9,"profit_sum":0.09867502017093152,"profit_sum_pct":9.87,"profit_total_abs":7.010782740000001,"profit_total":0.007010782740000001,"profit_total_pct":0.7,"duration_avg":"16:44:00","wins":10,"draws":0,"losses":1,"winrate":0.9090909090909091,"cagr":0.054561618203995854,"expectancy":0.6373438854545455,"expectancy_ratio":10.593217308297168,"sortino":-100,"sharpe":8.019042898497046,"calmar":4659.874344236189,"sqn":5.7919,"profit_factor":117.52539039126886,"max_drawdown_account":5.9882165575415595e-05,"max_drawdown_abs":0.060165279999999655},"results_per_pair":[{"key":"BTC/USDT:USDT","trades":11,"profit_mean":0.008970456379175594,"profit_mean_pct":0.9,"profit_sum":0.09867502017093152,"profit_sum_pct":9.87,"profit_total_abs":7.010782740000001,"profit_total":0.007010782740000001,"profit_total_pct":0.7,"duration_avg":"16:44:00","wins":10,"draws":0,"losses":1,"winrate":0.9090909090909091,"cagr":0.054561618203995854,"expectancy":0.6373438854545455,"expectancy_ratio":10.593217308297168,"sortino":-100,"sharpe":8.019042898497046,"calmar":4659.874344236189,"sqn":5.7919,"profit_factor":117.52539039126886,"max_drawdown_account":5.9882165575415595e-05,"max_drawdown_abs":0.060165279999999655},{"key":"TOTAL","trades":11,"profit_mean":0.008970456379175594,"profit_mean_pct":0.9,"profit_sum":0.09867502017093152,"profit_sum_pct":9.87,"profit_total_abs":7.010782740000001,"profit_total":0.007010782740000001,"profit_total_pct":0.7,"duration_avg":"16:44:00","wins":10,"draws":0,"losses":1,"winrate":0.9090909090909091,"cagr":0.054561618203995854,"expectancy":0.6373438854545455,"expectancy_ratio":10.593217308297168,"sortino":-100,"sharpe":8.019042898497046,"calmar":4659.874344236189,"sqn":5.7919,"profit_factor":117.52539039126886,"max_drawdown_account":5.9882165575415595e-05,"max_drawdown_abs":0.060165279999999655}],"results_per_enter_tag":[{"key":"","trades":11,"profit_mean":0.008970456379175594,"profit_mean_pct":0.9,"profit_sum":0.09867502017093152,"profit_sum_pct":9.87,"profit_total_abs":7.010782740000001,"profit_total":0.007010782740000001,"profit_total_pct":0.7,"duration_avg":"16:44:00","wins":10,"draws":0,"losses":1,"winrate":0.9090909090909091,"cagr":0.054561618203995854,"expectancy":0.6373438854545455,"expectancy_ratio":10.593217308297168,"sortino":-100,"sharpe":8.019042898497046,"calmar":4659.874344236189,"sqn":5.7919,"profit_factor":117.52539039126886,"max_drawdown_account":5.9882165575415595e-05,"max_drawdown_abs":0.060165279999999655},{"key":"TOTAL","trades":11,"profit_mean":0.008970456379175594,"profit_mean_pct":0.9,"profit_sum":0.09867502017093152,"profit_sum_pct":9.87,"profit_total_abs":7.010782740000001,"profit_total":0.007010782740000001,"profit_total_pct":0.7,"duration_avg":"16:44:00","wins":10,"draws":0,"losses":1,"winrate":0.9090909090909091,"cagr":0.054561618203995854,"expectancy":0.6373438854545455,"expectancy_ratio":10.593217308297168,"sortino":-100,"sharpe":8.019042898497046,"calmar":4659.874344236189,"sqn":5.7919,"profit_factor":117.52539039126886,"max_drawdown_account":5.9882165575415595e-05,"max_drawdown_abs":0.060165279999999655}],"exit_reason_summary":[{"key":"roi","trades":10,"profit_mean":0.009968273215071877,"profit_mean_pct":1.0,"profit_sum":0.09968273215071877,"profit_sum_pct":9.97,"profit_total_abs":7.07094802,"profit_total":0.00707094802,"profit_total_pct":0.71,"duration_avg":"8:24:00","wins":10,"draws":0,"losses":0,"winrate":1.0,"cagr":0.055040822928522415,"expectancy":0.7070948020000001,"expectancy_ratio":100.0,"sortino":-100,"sharpe":9.97037045474482,"calmar":-100,"sqn":7.515,"profit_factor":0.0,"max_drawdown_account":0.0,"max_drawdown_abs":0.0},{"key":"exit_signal","trades":1,"profit_mean":-0.0010077119797872326,"profit_mean_pct":-0.1,"profit_sum":-0.0010077119797872326,"profit_sum_pct":-0.1,"profit_total_abs":-0.06016528,"profit_total":-6.0165280000000003e-05,"profit_total_pct":-0.01,"duration_avg":"4 days, 4:00:00","wins":0,"draws":0,"losses":1,"winrate":0.0,"cagr":-0.0004574159336505623,"expectancy":-0.06016528,"expectancy_ratio":-1.0,"sortino":-100,"sharpe":-100,"calmar":-39.8020274469785,"sqn":-100.0,"profit_factor":0.0,"max_drawdown_account":6.016527999997834e-05,"max_drawdown_abs":0.06016528},{"key":"TOTAL","trades":11,"profit_mean":0.008970456379175594,"profit_mean_pct":0.9,"profit_sum":0.09867502017093152,"profit_sum_pct":9.87,"profit_total_abs":7.010782740000001,"profit_total":0.007010782740000001,"profit_total_pct":0.7,"duration_avg":"16:44:00","wins":10,"draws":0,"losses":1,"winrate":0.9090909090909091,"cagr":0.054561618203995854,"expectancy":0.6373438854545455,"expectancy_ratio":10.593217308297168,"sortino":-100,"sharpe":8.019042898497046,"calmar":4659.874344236189,"sqn":5.7919,"profit_factor":117.52539039126886,"max_drawdown_account":5.9882165575415595e-05,"max_drawdown_abs":0.060165279999999655}],"mix_tag_stats":[{"key":["","roi"],"trades":10,"profit_mean":0.009968273215071877,"profit_mean_pct":1.0,"profit_sum":0.09968273215071877,"profit_sum_pct":9.97,"profit_total_abs":7.07094802,"profit_total":0.00707094802,"profit_total_pct":0.71,"duration_avg":"8:24:00","wins":10,"draws":0,"losses":0,"winrate":1.0,"cagr":0.055040822928522415,"expectancy":0.7070948020000001,"expectancy_ratio":100.0,"sortino":-100,"sharpe":9.97037045474482,"calmar":-100,"sqn":7.515,"profit_factor":0.0,"max_drawdown_account":0.0,"max_drawdown_abs":0.0},{"key":["","exit_signal"],"trades":1,"profit_mean":-0.0010077119797872326,"profit_mean_pct":-0.1,"profit_sum":-0.0010077119797872326,"profit_sum_pct":-0.1,"profit_total_abs":-0.06016528,"profit_total":-6.0165280000000003e-05,"profit_total_pct":-0.01,"duration_avg":"4 days, 4:00:00","wins":0,"draws":0,"losses":1,"winrate":0.0,"cagr":-0.0004574159336505623,"expectancy":-0.06016528,"expectancy_ratio":-1.0,"sortino":-100,"sharpe":-100,"calmar":-39.8020274469785,"sqn":-100.0,"profit_factor":0.0,"max_drawdown_account":6.016527999997834e-05,"max_drawdown_abs":0.06016528},{"key":"TOTAL","trades":11,"profit_mean":0.008970456379175594,"profit_mean_pct":0.9,"profit_sum":0.09867502017093152,"profit_sum_pct":9.87,"profit_total_abs":7.010782740000001,"profit_total":0.007010782740000001,"profit_total_pct":0.7,"duration_avg":"16:44:00","wins":10,"draws":0,"losses":1,"winrate":0.9090909090909091,"cagr":0.054561618203995854,"expectancy":0.6373438854545455,"expectancy_ratio":10.593217308297168,"sortino":-100,"sharpe":8.019042898497046,"calmar":4659.874344236189,"sqn":5.7919,"profit_factor":117.52539039126886,"max_drawdown_account":5.9882165575415595e-05,"max_drawdown_abs":0.060165279999999655}],"left_open_trades":[{"key":"TOTAL","trades":0,"profit_mean":0.0,"profit_mean_pct":0.0,"profit_sum":0.0,"profit_sum_pct":0.0,"profit_total_abs":0.0,"profit_total":0.0,"profit_total_pct":0.0,"duration_avg":"0:00","wins":0,"draws":0,"losses":0,"winrate":0.0,"cagr":0.0,"expectancy":0.0,"expectancy_ratio":100.0,"sortino":0,"sharpe":0,"calmar":0,"sqn":0.0,"profit_factor":0.0,"max_drawdown_account":0.0,"max_drawdown_abs":0.0}],"total_trades":11,"trade_count_long":11,"trade_count_short":0,"total_volume":1546.6316385291743,"avg_stake_amount":69.91000454545454,"profit_mean":0.008970456379175594,"profit_median":0.00996180690784373,"profit_total":0.007010782740000001,"profit_total_long":0.007010782740000001,"profit_total_short":0.0,"profit_total_abs":7.010782740000001,"profit_total_long_abs":7.010782740000001,"profit_total_short_abs":0.0,"cagr":0.054561618203995854,"expectancy":0.6373438854545455,"expectancy_ratio":10.593217308297168,"sortino":-100,"sharpe":8.019042898497046,"calmar":4659.874344236189,"sqn":5.7919,"profit_factor":117.52539039126886,"backtest_start":"2025-02-28 00:00:00","backtest_start_ts":1740700800000,"backtest_end":"2025-04-17 08:00:00","backtest_end_ts":1744876800000,"backtest_days":48,"backtest_run_start_ts":1745253856,"backtest_run_end_ts":1745253856,"trades_per_day":0.23,"market_change":0.00236541860075939,"pairlist":["BTC/USDT:USDT"],"stake_amount":"unlimited","stake_currency":"USDT","stake_currency_decimals":3,"starting_balance":1000,"dry_run_wallet":1000,"final_balance":1007.01078274,"rejected_signals":0,"timedout_entry_orders":0,"timedout_exit_orders":0,"canceled_trade_entries":0,"canceled_entry_orders":0,"replaced_entry_orders":0,"max_open_trades":1,"max_open_trades_setting":3,"timeframe":"1h","timeframe_detail":"","timerange":"20250228-","enable_protections":false,"strategy_name":"mini","stoploss":-0.1,"trailing_stop":false,"trailing_stop_positive":null,"trailing_stop_positive_offset":0.0,"trailing_only_offset_is_reached":false,"use_custom_stoploss":false,"minimal_roi":{"60":0.01,"30":0.02,"0":0.04},"use_exit_signal":true,"exit_profit_only":false,"exit_profit_offset":0.0,"ignore_roi_if_entry_signal":false,"trading_mode":"futures","margin_mode":"isolated","periodic_breakdown":{"day":[{"date":"28/02/2025","date_ts":1740700800000,"profit_abs":0.5623863,"wins":1,"draws":0,"losses":0,"trades":1,"profit_factor":0.0},{"date":"01/03/2025","date_ts":1740787200000,"profit_abs":0.0,"wins":0,"draws":0,"losses":0,"trades":0,"profit_factor":0.0},{"date":"02/03/2025","date_ts":1740873600000,"profit_abs":0.0,"wins":0,"draws":0,"losses":0,"trades":0,"profit_factor":0.0},{"date":"03/03/2025","date_ts":1740960000000,"profit_abs":0.0,"wins":0,"draws":0,"losses":0,"trades":0,"profit_factor":0.0},{"date":"04/03/2025","date_ts":1741046400000,"profit_abs":0.5852864,"wins":1,"draws":0,"losses":0,"trades":1,"profit_factor":0.0},{"date":"05/03/2025","date_ts":1741132800000,"profit_abs":0.0,"wins":0,"draws":0,"losses":0,"trades":0,"profit_factor":0.0},{"date":"06/03/2025","date_ts":1741219200000,"profit_abs":0.0,"wins":0,"draws":0,"losses":0,"trades":0,"profit_factor":0.0},{"date":"07/03/2025","date_ts":1741305600000,"profit_abs":0.0,"wins":0,"draws":0,"losses":0,"trades":0,"profit_factor":0.0},{"date":"08/03/2025","date_ts":1741392000000,"profit_abs":0.0,"wins":0,"draws":0,"losses":0,"trades":0,"profit_factor":0.0},{"date":"09/03/2025","date_ts":1741478400000,"profit_abs":0.0,"wins":0,"draws":0,"losses":0,"trades":0,"profit_factor":0.0},{"date":"10/03/2025","date_ts":1741564800000,"profit_abs":1.31547371,"wins":1,"draws":0,"losses":0,"trades":1,"profit_factor":0.0},{"date":"11/03/2025","date_ts":1741651200000,"profit_abs":0.55168732,"wins":1,"draws":0,"losses":0,"trades":1,"profit_factor":0.0},{"date":"12/03/2025","date_ts":1741737600000,"profit_abs":0.0,"wins":0,"draws":0,"losses":0,"trades":0,"profit_factor":0.0},{"date":"13/03/2025","date_ts":1741824000000,"profit_abs":0.0,"wins":0,"draws":0,"losses":0,"trades":0,"profit_factor":0.0},{"date":"14/03/2025","date_ts":1741910400000,"profit_abs":0.56239649,"wins":1,"draws":0,"losses":0,"trades":1,"profit_factor":0.0},{"date":"15/03/2025","date_ts":1741996800000,"profit_abs":0.0,"wins":0,"draws":0,"losses":0,"trades":0,"profit_factor":0.0},{"date":"16/03/2025","date_ts":1742083200000,"profit_abs":0.57832721,"wins":1,"draws":0,"losses":0,"trades":1,"profit_factor":0.0},{"date":"17/03/2025","date_ts":1742169600000,"profit_abs":0.0,"wins":0,"draws":0,"losses":0,"trades":0,"profit_factor":0.0},{"date":"18/03/2025","date_ts":1742256000000,"profit_abs":0.57230139,"wins":1,"draws":0,"losses":0,"trades":1,"profit_factor":0.0},{"date":"19/03/2025","date_ts":1742342400000,"profit_abs":0.0,"wins":0,"draws":0,"losses":0,"trades":0,"profit_factor":0.0},{"date":"20/03/2025","date_ts":1742428800000,"profit_abs":0.0,"wins":0,"draws":0,"losses":0,"trades":0,"profit_factor":0.0},{"date":"21/03/2025","date_ts":1742515200000,"profit_abs":0.0,"wins":0,"draws":0,"losses":0,"trades":0,"profit_factor":0.0},{"date":"22/03/2025","date_ts":1742601600000,"profit_abs":0.0,"wins":0,"draws":0,"losses":0,"trades":0,"profit_factor":0.0},{"date":"23/03/2025","date_ts":1742688000000,"profit_abs":0.0,"wins":0,"draws":0,"losses":0,"trades":0,"profit_factor":0.0},{"date":"24/03/2025","date_ts":1742774400000,"profit_abs":0.0,"wins":0,"draws":0,"losses":0,"trades":0,"profit_factor":0.0},{"date":"25/03/2025","date_ts":1742860800000,"profit_abs":0.0,"wins":0,"draws":0,"losses":0,"trades":0,"profit_factor":0.0},{"date":"26/03/2025","date_ts":1742947200000,"profit_abs":0.0,"wins":0,"draws":0,"losses":0,"trades":0,"profit_factor":0.0},{"date":"27/03/2025","date_ts":1743033600000,"profit_abs":0.0,"wins":0,"draws":0,"losses":0,"trades":0,"profit_factor":0.0},{"date":"28/03/2025","date_ts":1743120000000,"profit_abs":0.0,"wins":0,"draws":0,"losses":0,"trades":0,"profit_factor":0.0},{"date":"29/03/2025","date_ts":1743206400000,"profit_abs":0.0,"wins":0,"draws":0,"losses":0,"trades":0,"profit_factor":0.0},{"date":"30/03/2025","date_ts":1743292800000,"profit_abs":0.0,"wins":0,"draws":0,"losses":0,"trades":0,"profit_factor":0.0},{"date":"31/03/2025","date_ts":1743379200000,"profit_abs":0.0,"wins":0,"draws":0,"losses":0,"trades":0,"profit_factor":0.0},{"date":"01/04/2025","date_ts":1743465600000,"profit_abs":-0.06016528,"wins":0,"draws":0,"losses":1,"trades":1,"profit_factor":0.0},{"date":"02/04/2025","date_ts":1743552000000,"profit_abs":0.0,"wins":0,"draws":0,"losses":0,"trades":0,"profit_factor":0.0},{"date":"03/04/2025","date_ts":1743638400000,"profit_abs":0.0,"wins":0,"draws":0,"losses":0,"trades":0,"profit_factor":0.0},{"date":"04/04/2025","date_ts":1743724800000,"profit_abs":0.0,"wins":0,"draws":0,"losses":0,"trades":0,"profit_factor":0.0},{"date":"05/04/2025","date_ts":1743811200000,"profit_abs":0.0,"wins":0,"draws":0,"losses":0,"trades":0,"profit_factor":0.0},{"date":"06/04/2025","date_ts":1743897600000,"profit_abs":0.0,"wins":0,"draws":0,"losses":0,"trades":0,"profit_factor":0.0},{"date":"07/04/2025","date_ts":1743984000000,"profit_abs":1.22329784,"wins":1,"draws":0,"losses":0,"trades":1,"profit_factor":0.0},{"date":"08/04/2025","date_ts":1744070400000,"profit_abs":0.0,"wins":0,"draws":0,"losses":0,"trades":0,"profit_factor":0.0},{"date":"09/04/2025","date_ts":1744156800000,"profit_abs":0.5349393,"wins":1,"draws":0,"losses":0,"trades":1,"profit_factor":0.0},{"date":"10/04/2025","date_ts":1744243200000,"profit_abs":0.0,"wins":0,"draws":0,"losses":0,"trades":0,"profit_factor":0.0},{"date":"11/04/2025","date_ts":1744329600000,"profit_abs":0.0,"wins":0,"draws":0,"losses":0,"trades":0,"profit_factor":0.0},{"date":"12/04/2025","date_ts":1744416000000,"profit_abs":0.0,"wins":0,"draws":0,"losses":0,"trades":0,"profit_factor":0.0},{"date":"13/04/2025","date_ts":1744502400000,"profit_abs":0.0,"wins":0,"draws":0,"losses":0,"trades":0,"profit_factor":0.0},{"date":"14/04/2025","date_ts":1744588800000,"profit_abs":0.0,"wins":0,"draws":0,"losses":0,"trades":0,"profit_factor":0.0},{"date":"15/04/2025","date_ts":1744675200000,"profit_abs":0.0,"wins":0,"draws":0,"losses":0,"trades":0,"profit_factor":0.0},{"date":"16/04/2025","date_ts":1744761600000,"profit_abs":0.58485206,"wins":1,"draws":0,"losses":0,"trades":1,"profit_factor":0.0}],"week":[{"date":"03/03/2025","date_ts":1740960000000,"profit_abs":0.5623863,"wins":1,"draws":0,"losses":0,"trades":1,"profit_factor":0.0},{"date":"10/03/2025","date_ts":1741564800000,"profit_abs":1.90076011,"wins":2,"draws":0,"losses":0,"trades":2,"profit_factor":0.0},{"date":"17/03/2025","date_ts":1742169600000,"profit_abs":1.69241102,"wins":3,"draws":0,"losses":0,"trades":3,"profit_factor":0.0},{"date":"24/03/2025","date_ts":1742774400000,"profit_abs":0.57230139,"wins":1,"draws":0,"losses":0,"trades":1,"profit_factor":0.0},{"date":"31/03/2025","date_ts":1743379200000,"profit_abs":0.0,"wins":0,"draws":0,"losses":0,"trades":0,"profit_factor":0.0},{"date":"07/04/2025","date_ts":1743984000000,"profit_abs":1.16313256,"wins":1,"draws":0,"losses":1,"trades":2,"profit_factor":20.33228866},{"date":"14/04/2025","date_ts":1744588800000,"profit_abs":0.5349393,"wins":1,"draws":0,"losses":0,"trades":1,"profit_factor":0.0},{"date":"21/04/2025","date_ts":1745193600000,"profit_abs":0.58485206,"wins":1,"draws":0,"losses":0,"trades":1,"profit_factor":0.0}],"month":[{"date":"28/02/2025","date_ts":1740700800000,"profit_abs":0.5623863,"wins":1,"draws":0,"losses":0,"trades":1,"profit_factor":0.0},{"date":"31/03/2025","date_ts":1743379200000,"profit_abs":4.16547252,"wins":6,"draws":0,"losses":0,"trades":6,"profit_factor":0.0},{"date":"30/04/2025","date_ts":1745971200000,"profit_abs":2.28292392,"wins":3,"draws":0,"losses":1,"trades":4,"profit_factor":38.94420835}],"year":[{"date":"31/12/2025","date_ts":1767139200000,"profit_abs":7.01078274,"wins":10,"draws":0,"losses":1,"trades":11,"profit_factor":117.52539039}]},"backtest_best_day":0.009995002498750625,"backtest_worst_day":-0.0010077119797872326,"backtest_best_day_abs":1.31547371,"backtest_worst_day_abs":-0.06016528,"winning_days":10,"draw_days":37,"losing_days":1,"daily_profit":[["2025-02-28",0.5623863],["2025-03-01",0.0],["2025-03-02",0.0],["2025-03-03",0.0],["2025-03-04",0.5852864],["2025-03-05",0.0],["2025-03-06",0.0],["2025-03-07",0.0],["2025-03-08",0.0],["2025-03-09",0.0],["2025-03-10",1.31547371],["2025-03-11",0.55168732],["2025-03-12",0.0],["2025-03-13",0.0],["2025-03-14",0.56239649],["2025-03-15",0.0],["2025-03-16",0.57832721],["2025-03-17",0.0],["2025-03-18",0.57230139],["2025-03-19",0.0],["2025-03-20",0.0],["2025-03-21",0.0],["2025-03-22",0.0],["2025-03-23",0.0],["2025-03-24",0.0],["2025-03-25",0.0],["2025-03-26",0.0],["2025-03-27",0.0],["2025-03-28",0.0],["2025-03-29",0.0],["2025-03-30",0.0],["2025-03-31",0.0],["2025-04-01",-0.06016528],["2025-04-02",0.0],["2025-04-03",0.0],["2025-04-04",0.0],["2025-04-05",0.0],["2025-04-06",0.0],["2025-04-07",1.22329784],["2025-04-08",0.0],["2025-04-09",0.5349393],["2025-04-10",0.0],["2025-04-11",0.0],["2025-04-12",0.0],["2025-04-13",0.0],["2025-04-14",0.0],["2025-04-15",0.0],["2025-04-16",0.58485206]],"wins":10,"losses":1,"draws":0,"winrate":0.9090909090909091,"holding_avg":"16:44:00","holding_avg_s":60240.0,"winner_holding_avg":"8:24:00","winner_holding_avg_s":30240.0,"loser_holding_avg":"4 days, 4:00:00","loser_holding_avg_s":360000.0,"max_consecutive_wins":7,"max_consecutive_losses":1,"max_drawdown_account":5.9882165575415595e-05,"max_relative_drawdown":5.9882165575415595e-05,"max_drawdown_abs":0.060165279999999655,"drawdown_start":"2025-03-18 23:00:00","drawdown_start_ts":1742338800000.0,"drawdown_end":"2025-04-01 16:00:00","drawdown_end_ts":1743523200000.0,"max_drawdown_low":4.667693540000001,"max_drawdown_high":4.727858820000001,"csum_min":1000.5623863,"csum_max":1007.01078274}},"strategy_comparison":[{"key":"mini","trades":11,"profit_mean":0.008970456379175594,"profit_mean_pct":0.9,"profit_sum":0.09867502017093152,"profit_sum_pct":9.87,"profit_total_abs":7.010782740000001,"profit_total":0.007010782740000001,"profit_total_pct":0.7,"duration_avg":"16:44:00","wins":10,"draws":0,"losses":1,"winrate":0.9090909090909091,"cagr":0.054561618203995854,"expectancy":0.6373438854545455,"expectancy_ratio":10.593217308297168,"sortino":-100,"sharpe":8.019042898497046,"calmar":4659.874344236189,"sqn":5.7919,"profit_factor":117.52539039126886,"max_drawdown_account":5.9882165575415595e-05,"max_drawdown_abs":"0.06"}]}